"site_id";"bio01_LGM";"bio01_current";"bio01_little_ice_age";"bio01_medieval_warm";"bio01_mid_Holocene";"bio01_other";"bio03_LGM";"bio03_current";"bio03_little_ice_age";"bio03_medieval_warm";"bio03_mid_Holocene";"bio03_other";"bio12_LGM";"bio12_current";"bio12_little_ice_age";"bio12_medieval_warm";"bio12_mid_Holocene";"bio12_other"
"1";"10-a";285.545454545455;288.7;288;288.1;288.361904761905;287.622346368715;50.7818181818182;38.5;39.2;39.55;41.1285714285714;46.1648044692737;336.272727272727;324;333.6;335;284.857142857143;311.449438202247
"2";"10-b";285.545454545455;288.7;288;288.1;288.361904761905;287.622346368715;50.7818181818182;38.5;39.2;39.55;41.1285714285714;46.1648044692737;336.272727272727;324;333.6;335;284.857142857143;311.449438202247
"3";"10-c";285.545454545455;288.7;288;288.1;288.361904761905;287.622346368715;50.7818181818182;38.5;39.2;39.55;41.1285714285714;46.1648044692737;336.272727272727;324;333.6;335;284.857142857143;311.449438202247
"4";"100-a";285.181818181818;292.8;291.38;291.975;290.190476190476;288.217877094972;36.1909090909091;52;47.8;52.95;40.2190476190476;39.5078212290503;1298.09090909091;802;885.8;930.75;847.142857142857;996.314606741573
"5";"100-b";285.181818181818;292.8;291.38;291.975;290.190476190476;288.217877094972;36.1909090909091;52;47.8;52.95;40.2190476190476;39.5078212290503;1298.09090909091;802;885.8;930.75;847.142857142857;996.314606741573
"6";"100-c";285.181818181818;292.8;291.38;291.975;290.190476190476;288.217877094972;36.1909090909091;52;47.8;52.95;40.2190476190476;39.5078212290503;1298.09090909091;802;885.8;930.75;847.142857142857;996.314606741573
"7";"101-a";283.327272727273;290.7;289.4;289.925;287.72380952381;286.151955307263;46.3909090909091;56.9;53.94;56.9;45.4857142857143;46.7335195530726;534.545454545455;341;369.2;382;374.904761904762;423.370786516854
"8";"101-b";283.327272727273;290.7;289.4;289.925;287.72380952381;286.151955307263;46.3909090909091;56.9;53.94;56.9;45.4857142857143;46.7335195530726;534.545454545455;341;369.2;382;374.904761904762;423.370786516854
"9";"101-c";283.327272727273;290.7;289.4;289.925;287.72380952381;286.151955307263;46.3909090909091;56.9;53.94;56.9;45.4857142857143;46.7335195530726;534.545454545455;341;369.2;382;374.904761904762;423.370786516854
"10";"104-a";281.845454545455;289.7;288.24;288.8;286.485714285714;284.826815642458;46.4181818181818;58;55.18;58.6;45.852380952381;46.9944134078212;738.454545454545;455;496.2;516.25;508.047619047619;578.533707865169
"11";"104-b";281.845454545455;289.7;288.24;288.8;286.485714285714;284.826815642458;46.4181818181818;58;55.18;58.6;45.852380952381;46.9944134078212;738.454545454545;455;496.2;516.25;508.047619047619;578.533707865169
"12";"104-c";281.845454545455;289.7;288.24;288.8;286.485714285714;284.826815642458;46.4181818181818;58;55.18;58.6;45.852380952381;46.9944134078212;738.454545454545;455;496.2;516.25;508.047619047619;578.533707865169
"13";"11-a";285.681818181818;289.2;288.58;288.575;288.909523809524;287.960893854749;50.3727272727273;39.1;40.3;40.175;41.3857142857143;46.2033519553073;336;322;330.6;333.5;279.952380952381;308.966292134831
"14";"11-b";285.681818181818;289.2;288.58;288.575;288.909523809524;287.960893854749;50.3727272727273;39.1;40.3;40.175;41.3857142857143;46.2033519553073;336;322;330.6;333.5;279.952380952381;308.966292134831
"15";"11-c";285.681818181818;289.2;288.58;288.575;288.909523809524;287.960893854749;50.3727272727273;39.1;40.3;40.175;41.3857142857143;46.2033519553073;336;322;330.6;333.5;279.952380952381;308.966292134831
"16";"110-a";281.581818181818;289.6;287.84;288.5;286.128571428571;284.485474860335;53.1545454545455;59.4;57.16;60.15;50.6095238095238;50.8687150837989;944.363636363636;583;627.8;640.25;618.952380952381;726.056179775281
"17";"110-b";281.581818181818;289.6;287.84;288.5;286.128571428571;284.485474860335;53.1545454545455;59.4;57.16;60.15;50.6095238095238;50.8687150837989;944.363636363636;583;627.8;640.25;618.952380952381;726.056179775281
"18";"110-c";281.581818181818;289.6;287.84;288.5;286.128571428571;284.485474860335;53.1545454545455;59.4;57.16;60.15;50.6095238095238;50.8687150837989;944.363636363636;583;627.8;640.25;618.952380952381;726.056179775281
"19";"112-a";285.018181818182;289.5;288.66;288.575;287.642857142857;286.691620111732;42.5909090909091;37.4;36.48;37.5;32.6238095238095;36.6692737430168;361.727272727273;271;269.4;280.25;343.047619047619;308.365168539326
"20";"112-b";285.018181818182;289.5;288.66;288.575;287.642857142857;286.691620111732;42.5909090909091;37.4;36.48;37.5;32.6238095238095;36.6692737430168;361.727272727273;271;269.4;280.25;343.047619047619;308.365168539326
"21";"112-c";285.018181818182;289.5;288.66;288.575;287.642857142857;286.691620111732;42.5909090909091;37.4;36.48;37.5;32.6238095238095;36.6692737430168;361.727272727273;271;269.4;280.25;343.047619047619;308.365168539326
"22";"113-a";284.627272727273;289.1;288.26;288.175;287.261904761905;286.314525139665;42.5363636363636;37.2;36.2;37.1;31.8904761904762;36.2016759776536;438.181818181818;309;314.6;328.25;408.142857142857;371.932584269663
"23";"113-b";284.627272727273;289.1;288.26;288.175;287.261904761905;286.314525139665;42.5363636363636;37.2;36.2;37.1;31.8904761904762;36.2016759776536;438.181818181818;309;314.6;328.25;408.142857142857;371.932584269663
"24";"113-c";284.627272727273;289.1;288.26;288.175;287.261904761905;286.314525139665;42.5363636363636;37.2;36.2;37.1;31.8904761904762;36.2016759776536;438.181818181818;309;314.6;328.25;408.142857142857;371.932584269663
"25";"114-a";286.627272727273;291.2;290.32;290.275;289.319047619048;288.357541899441;42.4363636363636;37.7;36.48;37.925;33.3238095238095;37.022905027933;526.090909090909;300;313.2;316.5;414.428571428571;398.97191011236
"26";"114-b";286.627272727273;291.2;290.32;290.275;289.319047619048;288.357541899441;42.4363636363636;37.7;36.48;37.925;33.3238095238095;37.022905027933;526.090909090909;300;313.2;316.5;414.428571428571;398.97191011236
"27";"114-c";286.627272727273;291.2;290.32;290.275;289.319047619048;288.357541899441;42.4363636363636;37.7;36.48;37.925;33.3238095238095;37.022905027933;526.090909090909;300;313.2;316.5;414.428571428571;398.97191011236
"28";"115-a";285.036363636364;289.6;288.72;288.675;287.814285714286;286.805586592179;42.3727272727273;38.2;37;38.125;32.7666666666667;36.6223463687151;862.272727272727;441;448.6;465.5;585.333333333333;606.129213483146
"29";"115-b";285.036363636364;289.6;288.72;288.675;287.814285714286;286.805586592179;42.3727272727273;38.2;37;38.125;32.7666666666667;36.6223463687151;862.272727272727;441;448.6;465.5;585.333333333333;606.129213483146
"30";"115-c";285.036363636364;289.6;288.72;288.675;287.814285714286;286.805586592179;42.3727272727273;38.2;37;38.125;32.7666666666667;36.6223463687151;862.272727272727;441;448.6;465.5;585.333333333333;606.129213483146
"31";"116-a";284.545454545455;289.1;288.22;288.175;287.32380952381;286.328491620112;42.5454545454545;38.6;37.42;38.675;33.0047619047619;36.8782122905028;863;461;467.6;487.5;608.333333333333;618.095505617978
"32";"116-b";284.545454545455;289.1;288.22;288.175;287.32380952381;286.328491620112;42.5454545454545;38.6;37.42;38.675;33.0047619047619;36.8782122905028;863;461;467.6;487.5;608.333333333333;618.095505617978
"33";"116-c";284.545454545455;289.1;288.22;288.175;287.32380952381;286.328491620112;42.5454545454545;38.6;37.42;38.675;33.0047619047619;36.8782122905028;863;461;467.6;487.5;608.333333333333;618.095505617978
"34";"118-a";285.536363636364;290.1;289.22;289.15;288.242857142857;287.272067039106;42.7181818181818;38.3;37.06;38.525;33.8333333333333;37.4480446927374;623.181818181818;394;388.6;411.5;502.285714285714;475.955056179775
"35";"118-b";285.536363636364;290.1;289.22;289.15;288.242857142857;287.272067039106;42.7181818181818;38.3;37.06;38.525;33.8333333333333;37.4480446927374;623.181818181818;394;388.6;411.5;502.285714285714;475.955056179775
"36";"118-c";285.536363636364;290.1;289.22;289.15;288.242857142857;287.272067039106;42.7181818181818;38.3;37.06;38.525;33.8333333333333;37.4480446927374;623.181818181818;394;388.6;411.5;502.285714285714;475.955056179775
"37";"119-a";286.818181818182;291.4;290.5;290.425;289.514285714286;288.522905027933;42.4454545454545;37.7;36.46;37.85;33.4571428571429;37.063687150838;546.454545454545;335;333.4;349.5;430.142857142857;414.859550561798
"38";"119-b";286.818181818182;291.4;290.5;290.425;289.514285714286;288.522905027933;42.4454545454545;37.7;36.46;37.85;33.4571428571429;37.063687150838;546.454545454545;335;333.4;349.5;430.142857142857;414.859550561798
"39";"119-c";286.818181818182;291.4;290.5;290.425;289.514285714286;288.522905027933;42.4454545454545;37.7;36.46;37.85;33.4571428571429;37.063687150838;546.454545454545;335;333.4;349.5;430.142857142857;414.859550561798
"40";"12-a";285.281818181818;288.9;288.32;288.275;288.685714285714;287.615083798883;49.7090909090909;40.1;41.14;41.225;42.4761904761905;46.540782122905;299.545454545455;277;289.2;291;248.095238095238;273.865168539326
"41";"12-b";285.281818181818;288.9;288.32;288.275;288.685714285714;287.615083798883;49.7090909090909;40.1;41.14;41.225;42.4761904761905;46.540782122905;299.545454545455;277;289.2;291;248.095238095238;273.865168539326
"42";"12-c";285.281818181818;288.9;288.32;288.275;288.685714285714;287.615083798883;49.7090909090909;40.1;41.14;41.225;42.4761904761905;46.540782122905;299.545454545455;277;289.2;291;248.095238095238;273.865168539326
"43";"120-a";284.8;289.3;288.42;288.275;287.357142857143;286.438547486034;41.3727272727273;36.8;35.96;37.05;32.6380952380952;36.3145251396648;223.272727272727;201;193.4;199.75;233.761904761905;203.35393258427
"44";"120-b";284.8;289.3;288.42;288.275;287.357142857143;286.438547486034;41.3727272727273;36.8;35.96;37.05;32.6380952380952;36.3145251396648;223.272727272727;201;193.4;199.75;233.761904761905;203.35393258427
"45";"120-c";284.8;289.3;288.42;288.275;287.357142857143;286.438547486034;41.3727272727273;36.8;35.96;37.05;32.6380952380952;36.3145251396648;223.272727272727;201;193.4;199.75;233.761904761905;203.35393258427
"46";"121-a";285.463636363636;290;289.18;289.1;288.266666666667;287.258100558659;41.4727272727273;37.1;35.92;36.925;31.4428571428571;35.4396648044693;554.727272727273;368;357.6;371.25;430.761904761905;425.539325842697
"47";"121-b";285.463636363636;290;289.18;289.1;288.266666666667;287.258100558659;41.4727272727273;37.1;35.92;36.925;31.4428571428571;35.4396648044693;554.727272727273;368;357.6;371.25;430.761904761905;425.539325842697
"48";"121-c";285.463636363636;290;289.18;289.1;288.266666666667;287.258100558659;41.4727272727273;37.1;35.92;36.925;31.4428571428571;35.4396648044693;554.727272727273;368;357.6;371.25;430.761904761905;425.539325842697
"49";"122-a";284.3;288.8;288;287.925;287.104761904762;286.105586592179;41.9;38.2;36.9;37.9;31.9142857142857;35.9441340782123;649.181818181818;410;403.2;418.25;490.380952380952;489.292134831461
"50";"122-b";284.3;288.8;288;287.925;287.104761904762;286.105586592179;41.9;38.2;36.9;37.9;31.9142857142857;35.9441340782123;649.181818181818;410;403.2;418.25;490.380952380952;489.292134831461
"51";"122-c";284.3;288.8;288;287.925;287.104761904762;286.105586592179;41.9;38.2;36.9;37.9;31.9142857142857;35.9441340782123;649.181818181818;410;403.2;418.25;490.380952380952;489.292134831461
"52";"123-a";275.718181818182;278.8;278.46;278.125;277.933333333333;277.093854748603;68.7454545454545;67.9;65.66;65.1;63.1142857142857;67.8100558659218;230.090909090909;238;238.2;240.5;229.714285714286;233.584269662921
"53";"123-b";275.718181818182;278.8;278.46;278.125;277.933333333333;277.093854748603;68.7454545454545;67.9;65.66;65.1;63.1142857142857;67.8100558659218;230.090909090909;238;238.2;240.5;229.714285714286;233.584269662921
"54";"123-c";275.718181818182;278.8;278.46;278.125;277.933333333333;277.093854748603;68.7454545454545;67.9;65.66;65.1;63.1142857142857;67.8100558659218;230.090909090909;238;238.2;240.5;229.714285714286;233.584269662921
"55";"124-a";276.236363636364;279.4;278.96;278.625;278.433333333333;277.599441340782;68.7454545454545;67.7;65.74;65;62.9857142857143;67.7402234636872;219.181818181818;225;225.8;226.25;216.47619047619;221.258426966292
"56";"124-b";276.236363636364;279.4;278.96;278.625;278.433333333333;277.599441340782;68.7454545454545;67.7;65.74;65;62.9857142857143;67.7402234636872;219.181818181818;225;225.8;226.25;216.47619047619;221.258426966292
"57";"124-c";276.236363636364;279.4;278.96;278.625;278.433333333333;277.599441340782;68.7454545454545;67.7;65.74;65;62.9857142857143;67.7402234636872;219.181818181818;225;225.8;226.25;216.47619047619;221.258426966292
"58";"125-a";274.254545454545;277.4;276.94;276.625;276.433333333333;275.634636871508;69.9181818181818;68.6;66.82;65.6;64.9142857142857;69.3430167597765;220.909090909091;233;233.6;234.5;223.238095238095;227.269662921348
"59";"125-b";274.254545454545;277.4;276.94;276.625;276.433333333333;275.634636871508;69.9181818181818;68.6;66.82;65.6;64.9142857142857;69.3430167597765;220.909090909091;233;233.6;234.5;223.238095238095;227.269662921348
"60";"125-c";274.254545454545;277.4;276.94;276.625;276.433333333333;275.634636871508;69.9181818181818;68.6;66.82;65.6;64.9142857142857;69.3430167597765;220.909090909091;233;233.6;234.5;223.238095238095;227.269662921348
"61";"126-a";274.5;277.6;277.2;276.9;276.719047619048;275.911731843575;69.6181818181818;68.6;66.54;65.525;64.3761904761905;68.9262569832402;232;250;249.4;251.5;239.904761904762;242.123595505618
"62";"126-b";274.5;277.6;277.2;276.9;276.719047619048;275.911731843575;69.6181818181818;68.6;66.54;65.525;64.3761904761905;68.9262569832402;232;250;249.4;251.5;239.904761904762;242.123595505618
"63";"126-c";274.5;277.6;277.2;276.9;276.719047619048;275.911731843575;69.6181818181818;68.6;66.54;65.525;64.3761904761905;68.9262569832402;232;250;249.4;251.5;239.904761904762;242.123595505618
"64";"128-a";275.027272727273;278.2;277.74;277.425;277.22380952381;276.421787709497;69.7363636363636;68.7;66.62;65.55;64.3761904761905;69.0050279329609;218.363636363636;221;224;226;214.380952380952;219.112359550562
"65";"128-b";275.027272727273;278.2;277.74;277.425;277.22380952381;276.421787709497;69.7363636363636;68.7;66.62;65.55;64.3761904761905;69.0050279329609;218.363636363636;221;224;226;214.380952380952;219.112359550562
"66";"128-c";275.027272727273;278.2;277.74;277.425;277.22380952381;276.421787709497;69.7363636363636;68.7;66.62;65.55;64.3761904761905;69.0050279329609;218.363636363636;221;224;226;214.380952380952;219.112359550562
"67";"129-a";275.363636363636;278.5;278.06;277.775;277.557142857143;276.727932960894;68.4818181818182;67.5;65.64;64.925;62.7380952380952;67.4240223463687;269.909090909091;276;274.4;280.25;260.952380952381;271.23595505618
"68";"129-b";275.363636363636;278.5;278.06;277.775;277.557142857143;276.727932960894;68.4818181818182;67.5;65.64;64.925;62.7380952380952;67.4240223463687;269.909090909091;276;274.4;280.25;260.952380952381;271.23595505618
"69";"129-c";275.363636363636;278.5;278.06;277.775;277.557142857143;276.727932960894;68.4818181818182;67.5;65.64;64.925;62.7380952380952;67.4240223463687;269.909090909091;276;274.4;280.25;260.952380952381;271.23595505618
"70";"13-a";288.2;291.9;291.58;291.35;291.742857142857;290.483240223464;38.7363636363636;38.4;37.68;37.9;38.8095238095238;39.5648044692737;190.909090909091;204;191.8;196.5;164.047619047619;176.438202247191
"71";"13-b";288.2;291.9;291.58;291.35;291.742857142857;290.483240223464;38.7363636363636;38.4;37.68;37.9;38.8095238095238;39.5648044692737;190.909090909091;204;191.8;196.5;164.047619047619;176.438202247191
"72";"13-c";288.2;291.9;291.58;291.35;291.742857142857;290.483240223464;38.7363636363636;38.4;37.68;37.9;38.8095238095238;39.5648044692737;190.909090909091;204;191.8;196.5;164.047619047619;176.438202247191
"73";"130-a";273.072727272727;276.3;275.86;275.525;275.3;274.535195530726;70.4909090909091;69.4;67.18;65.975;65.7714285714286;70.1067039106145;222.727272727273;242;241.2;242;232.095238095238;232.365168539326
"74";"130-b";273.072727272727;276.3;275.86;275.525;275.3;274.535195530726;70.4909090909091;69.4;67.18;65.975;65.7714285714286;70.1067039106145;222.727272727273;242;241.2;242;232.095238095238;232.365168539326
"75";"130-c";273.072727272727;276.3;275.86;275.525;275.3;274.535195530726;70.4909090909091;69.4;67.18;65.975;65.7714285714286;70.1067039106145;222.727272727273;242;241.2;242;232.095238095238;232.365168539326
"76";"132-a";273.090909090909;276.3;275.88;275.575;275.352380952381;274.529608938547;69.0636363636364;67.9;65.8;64.85;63.7095238095238;68.2508379888268;334.909090909091;363;361.6;362.5;340.809523809524;346.831460674157
"77";"132-b";273.090909090909;276.3;275.88;275.575;275.352380952381;274.529608938547;69.0636363636364;67.9;65.8;64.85;63.7095238095238;68.2508379888268;334.909090909091;363;361.6;362.5;340.809523809524;346.831460674157
"78";"132-c";273.090909090909;276.3;275.88;275.575;275.352380952381;274.529608938547;69.0636363636364;67.9;65.8;64.85;63.7095238095238;68.2508379888268;334.909090909091;363;361.6;362.5;340.809523809524;346.831460674157
"79";"133-a";273.018181818182;276.2;275.82;275.5;275.261904761905;274.47374301676;69.9;68.7;66.62;65.45;64.7428571428571;69.2430167597765;264;286;286;286.75;274.238095238095;275.5
"80";"133-b";273.018181818182;276.2;275.82;275.5;275.261904761905;274.47374301676;69.9;68.7;66.62;65.45;64.7428571428571;69.2430167597765;264;286;286;286.75;274.238095238095;275.5
"81";"133-c";273.018181818182;276.2;275.82;275.5;275.261904761905;274.47374301676;69.9;68.7;66.62;65.45;64.7428571428571;69.2430167597765;264;286;286;286.75;274.238095238095;275.5
"82";"134-a";282.936363636364;287.7;286.98;286.95;286.314285714286;284.917318435754;38.4818181818182;35.1;35.92;35.275;32.2142857142857;34.4324022346369;570.909090909091;414;446.4;447.75;460.095238095238;475
"83";"134-b";282.936363636364;287.7;286.98;286.95;286.314285714286;284.917318435754;38.4818181818182;35.1;35.92;35.275;32.2142857142857;34.4324022346369;570.909090909091;414;446.4;447.75;460.095238095238;475
"84";"134-c";282.936363636364;287.7;286.98;286.95;286.314285714286;284.917318435754;38.4818181818182;35.1;35.92;35.275;32.2142857142857;34.4324022346369;570.909090909091;414;446.4;447.75;460.095238095238;475
"85";"135-a";282.936363636364;287.7;286.98;286.95;286.314285714286;284.917318435754;38.4818181818182;35.1;35.92;35.275;32.2142857142857;34.4324022346369;570.909090909091;414;446.4;447.75;460.095238095238;475
"86";"135-b";282.936363636364;287.7;286.98;286.95;286.314285714286;284.917318435754;38.4818181818182;35.1;35.92;35.275;32.2142857142857;34.4324022346369;570.909090909091;414;446.4;447.75;460.095238095238;475
"87";"135-c";282.936363636364;287.7;286.98;286.95;286.314285714286;284.917318435754;38.4818181818182;35.1;35.92;35.275;32.2142857142857;34.4324022346369;570.909090909091;414;446.4;447.75;460.095238095238;475
"88";"136-a";282.718181818182;287.9;287.16;287.275;286.533333333333;284.942458100559;36.9454545454545;33.3;33.98;33.45;30.4809523809524;32.6441340782123;750.181818181818;483;528.8;524.75;566.190476190476;605.348314606742
"89";"136-b";282.718181818182;287.9;287.16;287.275;286.533333333333;284.942458100559;36.9454545454545;33.3;33.98;33.45;30.4809523809524;32.6441340782123;750.181818181818;483;528.8;524.75;566.190476190476;605.348314606742
"90";"136-c";282.718181818182;287.9;287.16;287.275;286.533333333333;284.942458100559;36.9454545454545;33.3;33.98;33.45;30.4809523809524;32.6441340782123;750.181818181818;483;528.8;524.75;566.190476190476;605.348314606742
"91";"137-a";282.863636363636;288;287.32;287.375;286.67619047619;285.075977653631;36.8909090909091;33.2;33.94;33.45;30.4285714285714;32.6156424581006;725.272727272727;469;512.2;508;548.095238095238;585.792134831461
"92";"137-b";282.863636363636;288;287.32;287.375;286.67619047619;285.075977653631;36.8909090909091;33.2;33.94;33.45;30.4285714285714;32.6156424581006;725.272727272727;469;512.2;508;548.095238095238;585.792134831461
"93";"137-c";282.863636363636;288;287.32;287.375;286.67619047619;285.075977653631;36.8909090909091;33.2;33.94;33.45;30.4285714285714;32.6156424581006;725.272727272727;469;512.2;508;548.095238095238;585.792134831461
"94";"138-a";283;288.1;287.4;287.475;286.780952380952;285.184916201117;36.8909090909091;33.2;34;33.375;30.4761904761905;32.6296089385475;632.636363636364;424;460.6;457.25;489.714285714286;517.522471910112
"95";"138-b";283;288.1;287.4;287.475;286.780952380952;285.184916201117;36.8909090909091;33.2;34;33.375;30.4761904761905;32.6296089385475;632.636363636364;424;460.6;457.25;489.714285714286;517.522471910112
"96";"138-c";283;288.1;287.4;287.475;286.780952380952;285.184916201117;36.8909090909091;33.2;34;33.375;30.4761904761905;32.6296089385475;632.636363636364;424;460.6;457.25;489.714285714286;517.522471910112
"97";"139-a";285.7;290.2;289.34;289.425;288.790476190476;287.549720670391;37.0272727272727;33.5;32.26;32.575;27.7761904761905;31.4737430167598;494.818181818182;339;373;379;383.666666666667;406.106741573034
"98";"139-b";285.7;290.2;289.34;289.425;288.790476190476;287.549720670391;37.0272727272727;33.5;32.26;32.575;27.7761904761905;31.4737430167598;494.818181818182;339;373;379;383.666666666667;406.106741573034
"99";"139-c";285.7;290.2;289.34;289.425;288.790476190476;287.549720670391;37.0272727272727;33.5;32.26;32.575;27.7761904761905;31.4737430167598;494.818181818182;339;373;379;383.666666666667;406.106741573034
"100";"140-a";285.336363636364;289.8;289.02;289.075;288.461904761905;287.224581005587;37.1454545454545;33.6;32.56;32.775;27.9333333333333;31.6167597765363;520.272727272727;354;388.6;395;400.714285714286;425.567415730337
"101";"140-b";285.336363636364;289.8;289.02;289.075;288.461904761905;287.224581005587;37.1454545454545;33.6;32.56;32.775;27.9333333333333;31.6167597765363;520.272727272727;354;388.6;395;400.714285714286;425.567415730337
"102";"140-c";285.336363636364;289.8;289.02;289.075;288.461904761905;287.224581005587;37.1454545454545;33.6;32.56;32.775;27.9333333333333;31.6167597765363;520.272727272727;354;388.6;395;400.714285714286;425.567415730337
"103";"143-a";283.154545454545;288.3;287.54;287.575;286.895238095238;285.321787709497;36.8;33;34.02;33.375;30.5142857142857;32.6201117318436;561.818181818182;381;416.4;413.5;439.428571428571;461.994382022472
"104";"143-b";283.154545454545;288.3;287.54;287.575;286.895238095238;285.321787709497;36.8;33;34.02;33.375;30.5142857142857;32.6201117318436;561.818181818182;381;416.4;413.5;439.428571428571;461.994382022472
"105";"143-c";283.154545454545;288.3;287.54;287.575;286.895238095238;285.321787709497;36.8;33;34.02;33.375;30.5142857142857;32.6201117318436;561.818181818182;381;416.4;413.5;439.428571428571;461.994382022472
"106";"146-a";283.009090909091;288.2;287.46;287.5;286.82380952381;285.239106145251;36.6727272727273;33.1;33.88;33.3;30.3619047619048;32.4715083798883;693.909090909091;451;491.4;487;525;560.286516853933
"107";"146-b";283.009090909091;288.2;287.46;287.5;286.82380952381;285.239106145251;36.6727272727273;33.1;33.88;33.3;30.3619047619048;32.4715083798883;693.909090909091;451;491.4;487;525;560.286516853933
"108";"146-c";283.009090909091;288.2;287.46;287.5;286.82380952381;285.239106145251;36.6727272727273;33.1;33.88;33.3;30.3619047619048;32.4715083798883;693.909090909091;451;491.4;487;525;560.286516853933
"109";"147-a";283.009090909091;288.2;287.46;287.5;286.82380952381;285.239106145251;36.6727272727273;33.1;33.88;33.3;30.3619047619048;32.4715083798883;693.909090909091;451;491.4;487;525;560.286516853933
"110";"147-b";283.009090909091;288.2;287.46;287.5;286.82380952381;285.239106145251;36.6727272727273;33.1;33.88;33.3;30.3619047619048;32.4715083798883;693.909090909091;451;491.4;487;525;560.286516853933
"111";"147-c";283.009090909091;288.2;287.46;287.5;286.82380952381;285.239106145251;36.6727272727273;33.1;33.88;33.3;30.3619047619048;32.4715083798883;693.909090909091;451;491.4;487;525;560.286516853933
"112";"148-a";283.5;288.6;287.94;288;287.290476190476;285.721229050279;36.1727272727273;32.9;33.42;32.925;30.0857142857143;32.1396648044693;697.818181818182;445;488.4;484.25;518.285714285714;558.516853932584
"113";"148-b";283.5;288.6;287.94;288;287.290476190476;285.721229050279;36.1727272727273;32.9;33.42;32.925;30.0857142857143;32.1396648044693;697.818181818182;445;488.4;484.25;518.285714285714;558.516853932584
"114";"148-c";283.5;288.6;287.94;288;287.290476190476;285.721229050279;36.1727272727273;32.9;33.42;32.925;30.0857142857143;32.1396648044693;697.818181818182;445;488.4;484.25;518.285714285714;558.516853932584
"115";"149-a";283.5;288.6;287.94;288;287.290476190476;285.721229050279;36.1727272727273;32.9;33.42;32.925;30.0857142857143;32.1396648044693;697.818181818182;445;488.4;484.25;518.285714285714;558.516853932584
"116";"149-b";283.5;288.6;287.94;288;287.290476190476;285.721229050279;36.1727272727273;32.9;33.42;32.925;30.0857142857143;32.1396648044693;697.818181818182;445;488.4;484.25;518.285714285714;558.516853932584
"117";"149-c";283.5;288.6;287.94;288;287.290476190476;285.721229050279;36.1727272727273;32.9;33.42;32.925;30.0857142857143;32.1396648044693;697.818181818182;445;488.4;484.25;518.285714285714;558.516853932584
"118";"150-a";283.572727272727;288.7;287.96;288.025;287.347619047619;285.779329608939;36.1363636363636;32.7;33.42;33;30.0428571428571;32.1223463687151;698.636363636364;445;487.6;484.5;518.285714285714;559.073033707865
"119";"150-b";283.572727272727;288.7;287.96;288.025;287.347619047619;285.779329608939;36.1363636363636;32.7;33.42;33;30.0428571428571;32.1223463687151;698.636363636364;445;487.6;484.5;518.285714285714;559.073033707865
"120";"150-c";283.572727272727;288.7;287.96;288.025;287.347619047619;285.779329608939;36.1363636363636;32.7;33.42;33;30.0428571428571;32.1223463687151;698.636363636364;445;487.6;484.5;518.285714285714;559.073033707865
"121";"151-a";284.109090909091;288.7;287.86;287.875;287.257142857143;285.996648044693;38.9272727272727;35.4;34.98;34.925;30.347619047619;33.7251396648045;466.818181818182;327;358.2;362.25;368.47619047619;384.286516853933
"122";"151-b";284.109090909091;288.7;287.86;287.875;287.257142857143;285.996648044693;38.9272727272727;35.4;34.98;34.925;30.347619047619;33.7251396648045;466.818181818182;327;358.2;362.25;368.47619047619;384.286516853933
"123";"151-c";284.109090909091;288.7;287.86;287.875;287.257142857143;285.996648044693;38.9272727272727;35.4;34.98;34.925;30.347619047619;33.7251396648045;466.818181818182;327;358.2;362.25;368.47619047619;384.286516853933
"124";"152-a";284.109090909091;288.7;287.86;287.875;287.257142857143;285.996648044693;38.9272727272727;35.4;34.98;34.925;30.347619047619;33.7251396648045;466.818181818182;327;358.2;362.25;368.47619047619;384.286516853933
"125";"152-b";284.109090909091;288.7;287.86;287.875;287.257142857143;285.996648044693;38.9272727272727;35.4;34.98;34.925;30.347619047619;33.7251396648045;466.818181818182;327;358.2;362.25;368.47619047619;384.286516853933
"126";"152-c";284.109090909091;288.7;287.86;287.875;287.257142857143;285.996648044693;38.9272727272727;35.4;34.98;34.925;30.347619047619;33.7251396648045;466.818181818182;327;358.2;362.25;368.47619047619;384.286516853933
"127";"153-a";283.054545454545;288.2;287.5;287.575;286.871428571429;285.279888268156;36.5454545454545;33;33.72;33.25;30.2619047619048;32.3972067039106;700.363636363636;452;494.2;490;527.857142857143;564.123595505618
"128";"153-b";283.054545454545;288.2;287.5;287.575;286.871428571429;285.279888268156;36.5454545454545;33;33.72;33.25;30.2619047619048;32.3972067039106;700.363636363636;452;494.2;490;527.857142857143;564.123595505618
"129";"153-c";283.054545454545;288.2;287.5;287.575;286.871428571429;285.279888268156;36.5454545454545;33;33.72;33.25;30.2619047619048;32.3972067039106;700.363636363636;452;494.2;490;527.857142857143;564.123595505618
"130";"154-a";283.054545454545;288.2;287.5;287.575;286.871428571429;285.279888268156;36.5454545454545;33;33.72;33.25;30.2619047619048;32.3972067039106;700.363636363636;452;494.2;490;527.857142857143;564.123595505618
"131";"154-b";283.054545454545;288.2;287.5;287.575;286.871428571429;285.279888268156;36.5454545454545;33;33.72;33.25;30.2619047619048;32.3972067039106;700.363636363636;452;494.2;490;527.857142857143;564.123595505618
"132";"154-c";283.054545454545;288.2;287.5;287.575;286.871428571429;285.279888268156;36.5454545454545;33;33.72;33.25;30.2619047619048;32.3972067039106;700.363636363636;452;494.2;490;527.857142857143;564.123595505618
"133";"155-a";283.263636363636;288.4;287.68;287.7;287.009523809524;285.443575418994;36.4727272727273;33;33.82;33.2;30.3285714285714;32.4418994413408;610.727272727273;408;449.2;446;471.666666666667;500.421348314607
"134";"155-b";283.263636363636;288.4;287.68;287.7;287.009523809524;285.443575418994;36.4727272727273;33;33.82;33.2;30.3285714285714;32.4418994413408;610.727272727273;408;449.2;446;471.666666666667;500.421348314607
"135";"155-c";283.263636363636;288.4;287.68;287.7;287.009523809524;285.443575418994;36.4727272727273;33;33.82;33.2;30.3285714285714;32.4418994413408;610.727272727273;408;449.2;446;471.666666666667;500.421348314607
"136";"156-a";282.990909090909;287.9;287.12;287.15;286.485714285714;285.048044692737;37.4909090909091;34.2;35.06;34.4;31.4285714285714;33.5418994413408;678.636363636364;465;506;506.25;526.47619047619;555.230337078652
"137";"156-b";282.990909090909;287.9;287.12;287.15;286.485714285714;285.048044692737;37.4909090909091;34.2;35.06;34.4;31.4285714285714;33.5418994413408;678.636363636364;465;506;506.25;526.47619047619;555.230337078652
"138";"156-c";282.990909090909;287.9;287.12;287.15;286.485714285714;285.048044692737;37.4909090909091;34.2;35.06;34.4;31.4285714285714;33.5418994413408;678.636363636364;465;506;506.25;526.47619047619;555.230337078652
"139";"157-a";283.072727272727;287.9;287.18;287.225;286.538095238095;285.104469273743;37.4909090909091;34.2;35.08;34.35;31.4238095238095;33.5430167597765;677.181818181818;465;506.4;506.25;525.666666666667;554.584269662921
"140";"157-b";283.072727272727;287.9;287.18;287.225;286.538095238095;285.104469273743;37.4909090909091;34.2;35.08;34.35;31.4238095238095;33.5430167597765;677.181818181818;465;506.4;506.25;525.666666666667;554.584269662921
"141";"157-c";283.072727272727;287.9;287.18;287.225;286.538095238095;285.104469273743;37.4909090909091;34.2;35.08;34.35;31.4238095238095;33.5430167597765;677.181818181818;465;506.4;506.25;525.666666666667;554.584269662921
"142";"158-a";282.863636363636;287.4;286.64;286.6;285.961904761905;284.712290502793;40.5818181818182;37.3;37.6;37.3;33.2095238095238;36.0128491620112;599.909090909091;433;472.8;482.5;477.904761904762;500.88202247191
"143";"158-b";282.863636363636;287.4;286.64;286.6;285.961904761905;284.712290502793;40.5818181818182;37.3;37.6;37.3;33.2095238095238;36.0128491620112;599.909090909091;433;472.8;482.5;477.904761904762;500.88202247191
"144";"158-c";282.863636363636;287.4;286.64;286.6;285.961904761905;284.712290502793;40.5818181818182;37.3;37.6;37.3;33.2095238095238;36.0128491620112;599.909090909091;433;472.8;482.5;477.904761904762;500.88202247191
"145";"159-a";282.918181818182;287.4;286.7;286.675;286.038095238095;284.784916201117;40.6;37.3;37.6;37.275;33.1285714285714;35.9854748603352;584.545454545455;423;462;472;467.238095238095;488.573033707865
"146";"159-b";282.918181818182;287.4;286.7;286.675;286.038095238095;284.784916201117;40.6;37.3;37.6;37.275;33.1285714285714;35.9854748603352;584.545454545455;423;462;472;467.238095238095;488.573033707865
"147";"159-c";282.918181818182;287.4;286.7;286.675;286.038095238095;284.784916201117;40.6;37.3;37.6;37.275;33.1285714285714;35.9854748603352;584.545454545455;423;462;472;467.238095238095;488.573033707865
"148";"16-a";287.427272727273;291.1;290.76;290.65;290.952380952381;289.694413407821;41.7454545454545;41.1;40.12;40.65;41.5952380952381;42.6251396648045;107.818181818182;113;105.4;107;90.7142857142857;98.9606741573034
"149";"16-b";287.427272727273;291.1;290.76;290.65;290.952380952381;289.694413407821;41.7454545454545;41.1;40.12;40.65;41.5952380952381;42.6251396648045;107.818181818182;113;105.4;107;90.7142857142857;98.9606741573034
"150";"16-c";287.427272727273;291.1;290.76;290.65;290.952380952381;289.694413407821;41.7454545454545;41.1;40.12;40.65;41.5952380952381;42.6251396648045;107.818181818182;113;105.4;107;90.7142857142857;98.9606741573034
"151";"162-a";282.709090909091;287.3;286.62;286.575;285.942857142857;284.621787709497;40.2454545454545;37;37.56;37.05;33.5190476190476;35.9983240223464;545;398;432.2;434.75;443.333333333333;456.556179775281
"152";"162-b";282.709090909091;287.3;286.62;286.575;285.942857142857;284.621787709497;40.2454545454545;37;37.56;37.05;33.5190476190476;35.9983240223464;545;398;432.2;434.75;443.333333333333;456.556179775281
"153";"162-c";282.709090909091;287.3;286.62;286.575;285.942857142857;284.621787709497;40.2454545454545;37;37.56;37.05;33.5190476190476;35.9983240223464;545;398;432.2;434.75;443.333333333333;456.556179775281
"154";"163-a";282.209090909091;287.3;286.56;286.575;285.895238095238;284.391061452514;36.8727272727273;33.6;34.5;33.8;30.9047619047619;32.9279329608939;721.181818181818;489;531.2;531;565.761904761905;591.758426966292
"155";"163-b";282.209090909091;287.3;286.56;286.575;285.895238095238;284.391061452514;36.8727272727273;33.6;34.5;33.8;30.9047619047619;32.9279329608939;721.181818181818;489;531.2;531;565.761904761905;591.758426966292
"156";"163-c";282.209090909091;287.3;286.56;286.575;285.895238095238;284.391061452514;36.8727272727273;33.6;34.5;33.8;30.9047619047619;32.9279329608939;721.181818181818;489;531.2;531;565.761904761905;591.758426966292
"157";"164-a";285.927272727273;290.2;289.46;289.5;288.919047619048;287.666480446927;36.9454545454545;32.9;32.5;32.35;28.2142857142857;31.6150837988827;445.090909090909;338;369.2;377.25;366.619047619048;381.23595505618
"158";"164-b";285.927272727273;290.2;289.46;289.5;288.919047619048;287.666480446927;36.9454545454545;32.9;32.5;32.35;28.2142857142857;31.6150837988827;445.090909090909;338;369.2;377.25;366.619047619048;381.23595505618
"159";"164-c";285.927272727273;290.2;289.46;289.5;288.919047619048;287.666480446927;36.9454545454545;32.9;32.5;32.35;28.2142857142857;31.6150837988827;445.090909090909;338;369.2;377.25;366.619047619048;381.23595505618
"160";"165-a";282.8;287.6;286.86;286.85;286.195238095238;284.805027932961;38.4363636363636;35.1;35.9;35.275;32.1809523809524;34.3977653631285;583.909090909091;423;458;457;471.142857142857;485.691011235955
"161";"165-b";282.8;287.6;286.86;286.85;286.195238095238;284.805027932961;38.4363636363636;35.1;35.9;35.275;32.1809523809524;34.3977653631285;583.909090909091;423;458;457;471.142857142857;485.691011235955
"162";"165-c";282.8;287.6;286.86;286.85;286.195238095238;284.805027932961;38.4363636363636;35.1;35.9;35.275;32.1809523809524;34.3977653631285;583.909090909091;423;458;457;471.142857142857;485.691011235955
"163";"166-a";282.109090909091;287;286.28;286.25;285.609523809524;284.217877094972;37.6;34.6;35.36;34.675;31.5;33.6664804469274;806.363636363636;537;586.2;587;621.238095238095;651.331460674157
"164";"166-b";282.109090909091;287;286.28;286.25;285.609523809524;284.217877094972;37.6;34.6;35.36;34.675;31.5;33.6664804469274;806.363636363636;537;586.2;587;621.238095238095;651.331460674157
"165";"166-c";282.109090909091;287;286.28;286.25;285.609523809524;284.217877094972;37.6;34.6;35.36;34.675;31.5;33.6664804469274;806.363636363636;537;586.2;587;621.238095238095;651.331460674157
"166";"167-a";285.072727272727;289.6;288.8;288.8;288.161904761905;286.890502793296;39.8818181818182;36;35.9;35.7;31.6904761904762;34.813407821229;453.090909090909;330;359;365.5;363.285714285714;379.837078651685
"167";"167-b";285.072727272727;289.6;288.8;288.8;288.161904761905;286.890502793296;39.8818181818182;36;35.9;35.7;31.6904761904762;34.813407821229;453.090909090909;330;359;365.5;363.285714285714;379.837078651685
"168";"167-c";285.072727272727;289.6;288.8;288.8;288.161904761905;286.890502793296;39.8818181818182;36;35.9;35.7;31.6904761904762;34.813407821229;453.090909090909;330;359;365.5;363.285714285714;379.837078651685
"169";"168-a";284.8;289.3;288.52;288.525;287.904761904762;286.625698324022;38.9090909090909;35;34.6;34.45;30.2238095238095;33.5659217877095;406.090909090909;290;313.6;321;322;335.88202247191
"170";"168-b";284.8;289.3;288.52;288.525;287.904761904762;286.625698324022;38.9090909090909;35;34.6;34.45;30.2238095238095;33.5659217877095;406.090909090909;290;313.6;321;322;335.88202247191
"171";"168-c";284.8;289.3;288.52;288.525;287.904761904762;286.625698324022;38.9090909090909;35;34.6;34.45;30.2238095238095;33.5659217877095;406.090909090909;290;313.6;321;322;335.88202247191
"172";"169-a";281.972727272727;287;286.34;286.375;285.680952380952;284.13687150838;37.1272727272727;33.8;34.62;33.85;30.9285714285714;33.0346368715084;817.181818181818;541;592.4;589.25;629.904761904762;665.623595505618
"173";"169-b";281.972727272727;287;286.34;286.375;285.680952380952;284.13687150838;37.1272727272727;33.8;34.62;33.85;30.9285714285714;33.0346368715084;817.181818181818;541;592.4;589.25;629.904761904762;665.623595505618
"174";"169-c";281.972727272727;287;286.34;286.375;285.680952380952;284.13687150838;37.1272727272727;33.8;34.62;33.85;30.9285714285714;33.0346368715084;817.181818181818;541;592.4;589.25;629.904761904762;665.623595505618
"175";"17-a";288.836363636364;292.5;292.2;292.025;292.385714285714;291.10782122905;37.7090909090909;37.2;36.48;36.625;37.8095238095238;38.4189944134078;287.181818181818;306;291.8;298.5;251.952380952381;268.089887640449
"176";"17-b";288.836363636364;292.5;292.2;292.025;292.385714285714;291.10782122905;37.7090909090909;37.2;36.48;36.625;37.8095238095238;38.4189944134078;287.181818181818;306;291.8;298.5;251.952380952381;268.089887640449
"177";"17-c";288.836363636364;292.5;292.2;292.025;292.385714285714;291.10782122905;37.7090909090909;37.2;36.48;36.625;37.8095238095238;38.4189944134078;287.181818181818;306;291.8;298.5;251.952380952381;268.089887640449
"178";"170-a";285.209090909091;289.8;288.94;288.95;288.333333333333;287.076536312849;38.7545454545455;35;34.4;34.45;30;33.3932960893855;423.272727272727;315;338.4;349.75;342.47619047619;355.943820224719
"179";"170-b";285.209090909091;289.8;288.94;288.95;288.333333333333;287.076536312849;38.7545454545455;35;34.4;34.45;30;33.3932960893855;423.272727272727;315;338.4;349.75;342.47619047619;355.943820224719
"180";"170-c";285.209090909091;289.8;288.94;288.95;288.333333333333;287.076536312849;38.7545454545455;35;34.4;34.45;30;33.3932960893855;423.272727272727;315;338.4;349.75;342.47619047619;355.943820224719
"181";"171-a";284.909090909091;289.4;288.64;288.625;288.02380952381;286.745251396648;38.8;34.7;34.46;34.325;30.0571428571429;33.4206703910615;404.545454545455;290;312.8;319.5;321.52380952381;334.960674157303
"182";"171-b";284.909090909091;289.4;288.64;288.625;288.02380952381;286.745251396648;38.8;34.7;34.46;34.325;30.0571428571429;33.4206703910615;404.545454545455;290;312.8;319.5;321.52380952381;334.960674157303
"183";"171-c";284.909090909091;289.4;288.64;288.625;288.02380952381;286.745251396648;38.8;34.7;34.46;34.325;30.0571428571429;33.4206703910615;404.545454545455;290;312.8;319.5;321.52380952381;334.960674157303
"184";"172-a";284.581818181818;289;288.22;288.225;287.614285714286;286.383798882682;38.7181818181818;35.2;34.86;34.8;30.3666666666667;33.6039106145251;550.636363636364;388;428.4;437.25;435.285714285714;460.11797752809
"185";"172-b";284.581818181818;289;288.22;288.225;287.614285714286;286.383798882682;38.7181818181818;35.2;34.86;34.8;30.3666666666667;33.6039106145251;550.636363636364;388;428.4;437.25;435.285714285714;460.11797752809
"186";"172-c";284.581818181818;289;288.22;288.225;287.614285714286;286.383798882682;38.7181818181818;35.2;34.86;34.8;30.3666666666667;33.6039106145251;550.636363636364;388;428.4;437.25;435.285714285714;460.11797752809
"187";"173-a";282.272727272727;287.5;286.76;286.8;286.1;284.509497206704;37.0727272727273;33.5;34.22;33.675;30.5761904761905;32.7821229050279;808.727272727273;519;570.2;565.25;609.571428571429;651.544943820225
"188";"173-b";282.272727272727;287.5;286.76;286.8;286.1;284.509497206704;37.0727272727273;33.5;34.22;33.675;30.5761904761905;32.7821229050279;808.727272727273;519;570.2;565.25;609.571428571429;651.544943820225
"189";"173-c";282.272727272727;287.5;286.76;286.8;286.1;284.509497206704;37.0727272727273;33.5;34.22;33.675;30.5761904761905;32.7821229050279;808.727272727273;519;570.2;565.25;609.571428571429;651.544943820225
"190";"174-a";287;291.4;290.6;290.725;290.142857142857;288.861452513966;34.4090909090909;30.2;28.54;29.175;24.4428571428571;28.4793296089385;438.727272727273;298;329.8;329.25;335.857142857143;357.325842696629
"191";"174-b";287;291.4;290.6;290.725;290.142857142857;288.861452513966;34.4090909090909;30.2;28.54;29.175;24.4428571428571;28.4793296089385;438.727272727273;298;329.8;329.25;335.857142857143;357.325842696629
"192";"174-c";287;291.4;290.6;290.725;290.142857142857;288.861452513966;34.4090909090909;30.2;28.54;29.175;24.4428571428571;28.4793296089385;438.727272727273;298;329.8;329.25;335.857142857143;357.325842696629
"193";"175-a";281.981818181818;286.7;286;285.975;285.309523809524;283.922346368715;38.7909090909091;35.6;36.72;35.85;33;34.9927374301676;673.636363636364;489;523.8;530.5;545.571428571429;562.674157303371
"194";"175-b";281.981818181818;286.7;286;285.975;285.309523809524;283.922346368715;38.7909090909091;35.6;36.72;35.85;33;34.9927374301676;673.636363636364;489;523.8;530.5;545.571428571429;562.674157303371
"195";"175-c";281.981818181818;286.7;286;285.975;285.309523809524;283.922346368715;38.7909090909091;35.6;36.72;35.85;33;34.9927374301676;673.636363636364;489;523.8;530.5;545.571428571429;562.674157303371
"196";"176-a";285.127272727273;289.7;288.86;288.875;288.247619047619;286.965363128492;39.5545454545455;35.5;35.42;35.375;31.2;34.3798882681564;422.454545454545;317;342.2;348.75;344.857142857143;357.11797752809
"197";"176-b";285.127272727273;289.7;288.86;288.875;288.247619047619;286.965363128492;39.5545454545455;35.5;35.42;35.375;31.2;34.3798882681564;422.454545454545;317;342.2;348.75;344.857142857143;357.11797752809
"198";"176-c";285.127272727273;289.7;288.86;288.875;288.247619047619;286.965363128492;39.5545454545455;35.5;35.42;35.375;31.2;34.3798882681564;422.454545454545;317;342.2;348.75;344.857142857143;357.11797752809
"199";"177-a";282.918181818182;287.7;287.02;287;286.352380952381;284.933519553073;38.0363636363636;34.7;35.56;34.9;31.8666666666667;34.0324022346369;600.818181818182;430;466;467.5;482.190476190476;499.657303370787
"200";"177-b";282.918181818182;287.7;287.02;287;286.352380952381;284.933519553073;38.0363636363636;34.7;35.56;34.9;31.8666666666667;34.0324022346369;600.818181818182;430;466;467.5;482.190476190476;499.657303370787
"201";"177-c";282.918181818182;287.7;287.02;287;286.352380952381;284.933519553073;38.0363636363636;34.7;35.56;34.9;31.8666666666667;34.0324022346369;600.818181818182;430;466;467.5;482.190476190476;499.657303370787
"202";"178-a";282.963636363636;287.4;286.7;286.675;286.047619047619;284.779888268156;40.2363636363636;37;37.38;36.875;33.0190476190476;35.7402234636872;627.818181818182;459;497;510;507.857142857143;527.061797752809
"203";"178-b";282.963636363636;287.4;286.7;286.675;286.047619047619;284.779888268156;40.2363636363636;37;37.38;36.875;33.0190476190476;35.7402234636872;627.818181818182;459;497;510;507.857142857143;527.061797752809
"204";"178-c";282.963636363636;287.4;286.7;286.675;286.047619047619;284.779888268156;40.2363636363636;37;37.38;36.875;33.0190476190476;35.7402234636872;627.818181818182;459;497;510;507.857142857143;527.061797752809
"205";"179-a";282.4;287.3;286.58;286.6;285.909523809524;284.516759776536;37.2363636363636;34.3;34.98;34.35;31.2285714285714;33.3474860335196;805.727272727273;531;576.8;577;615.857142857143;646.842696629213
"206";"179-b";282.4;287.3;286.58;286.6;285.909523809524;284.516759776536;37.2363636363636;34.3;34.98;34.35;31.2285714285714;33.3474860335196;805.727272727273;531;576.8;577;615.857142857143;646.842696629213
"207";"179-c";282.4;287.3;286.58;286.6;285.909523809524;284.516759776536;37.2363636363636;34.3;34.98;34.35;31.2285714285714;33.3474860335196;805.727272727273;531;576.8;577;615.857142857143;646.842696629213
"208";"18-a";287.354545454545;291.1;290.7;290.55;290.904761904762;289.632402234637;40.3181818181818;40.1;39.04;39.45;40.2809523809524;41.1966480446927;126;132;125.6;127.25;106.52380952381;115.595505617978
"209";"18-b";287.354545454545;291.1;290.7;290.55;290.904761904762;289.632402234637;40.3181818181818;40.1;39.04;39.45;40.2809523809524;41.1966480446927;126;132;125.6;127.25;106.52380952381;115.595505617978
"210";"18-c";287.354545454545;291.1;290.7;290.55;290.904761904762;289.632402234637;40.3181818181818;40.1;39.04;39.45;40.2809523809524;41.1966480446927;126;132;125.6;127.25;106.52380952381;115.595505617978
"211";"180-a";282.527272727273;287.4;286.66;286.65;286.009523809524;284.596089385475;37.6909090909091;34.5;35.34;34.625;31.5333333333333;33.7100558659218;690;470;513.6;513;537.904761904762;563.039325842697
"212";"180-b";282.527272727273;287.4;286.66;286.65;286.009523809524;284.596089385475;37.6909090909091;34.5;35.34;34.625;31.5333333333333;33.7100558659218;690;470;513.6;513;537.904761904762;563.039325842697
"213";"180-c";282.527272727273;287.4;286.66;286.65;286.009523809524;284.596089385475;37.6909090909091;34.5;35.34;34.625;31.5333333333333;33.7100558659218;690;470;513.6;513;537.904761904762;563.039325842697
"214";"182-a";282.8;288;287.26;287.325;286.62380952381;285.044134078212;36.7090909090909;33.1;33.86;33.375;30.3333333333333;32.5094972067039;759.636363636364;486;534;530.5;572.619047619048;611.893258426966
"215";"182-b";282.8;288;287.26;287.325;286.62380952381;285.044134078212;36.7090909090909;33.1;33.86;33.375;30.3333333333333;32.5094972067039;759.636363636364;486;534;530.5;572.619047619048;611.893258426966
"216";"182-c";282.8;288;287.26;287.325;286.62380952381;285.044134078212;36.7090909090909;33.1;33.86;33.375;30.3333333333333;32.5094972067039;759.636363636364;486;534;530.5;572.619047619048;611.893258426966
"217";"185-a";282;287;286.28;286.325;285.614285714286;284.123463687151;37.2454545454545;33.8;34.92;34.125;31.2761904761905;33.2966480446927;740.454545454545;506;550.8;549;585.142857142857;609.719101123595
"218";"185-b";282;287;286.28;286.325;285.614285714286;284.123463687151;37.2454545454545;33.8;34.92;34.125;31.2761904761905;33.2966480446927;740.454545454545;506;550.8;549;585.142857142857;609.719101123595
"219";"185-c";282;287;286.28;286.325;285.614285714286;284.123463687151;37.2454545454545;33.8;34.92;34.125;31.2761904761905;33.2966480446927;740.454545454545;506;550.8;549;585.142857142857;609.719101123595
"220";"186-a";281.918181818182;286.6;285.74;285.75;285.085714285714;283.898324022346;39.6090909090909;36.9;36.52;36.6;31.4190476190476;34.6932960893855;671.636363636364;446;489;496.75;508.52380952381;542.185393258427
"221";"186-b";281.918181818182;286.6;285.74;285.75;285.085714285714;283.898324022346;39.6090909090909;36.9;36.52;36.6;31.4190476190476;34.6932960893855;671.636363636364;446;489;496.75;508.52380952381;542.185393258427
"222";"186-c";281.918181818182;286.6;285.74;285.75;285.085714285714;283.898324022346;39.6090909090909;36.9;36.52;36.6;31.4190476190476;34.6932960893855;671.636363636364;446;489;496.75;508.52380952381;542.185393258427
"223";"187-a";289.2;293.1;292.26;292.325;291.338095238095;290.498324022346;44.4909090909091;37;36.34;37.2;32.8571428571429;37.3502793296089;223.454545454545;221;274;284;292.095238095238;253.494382022472
"224";"187-b";289.2;293.1;292.26;292.325;291.338095238095;290.498324022346;44.4909090909091;37;36.34;37.2;32.8571428571429;37.3502793296089;223.454545454545;221;274;284;292.095238095238;253.494382022472
"225";"187-c";289.2;293.1;292.26;292.325;291.338095238095;290.498324022346;44.4909090909091;37;36.34;37.2;32.8571428571429;37.3502793296089;223.454545454545;221;274;284;292.095238095238;253.494382022472
"226";"189-a";288.654545454545;292.4;291.68;291.675;290.657142857143;289.911731843575;44.5181818181818;37.1;36.12;36.775;32.3857142857143;37.0687150837989;186.272727272727;191;246;267.25;310.190476190476;245.297752808989
"227";"189-b";288.654545454545;292.4;291.68;291.675;290.657142857143;289.911731843575;44.5181818181818;37.1;36.12;36.775;32.3857142857143;37.0687150837989;186.272727272727;191;246;267.25;310.190476190476;245.297752808989
"228";"189-c";288.654545454545;292.4;291.68;291.675;290.657142857143;289.911731843575;44.5181818181818;37.1;36.12;36.775;32.3857142857143;37.0687150837989;186.272727272727;191;246;267.25;310.190476190476;245.297752808989
"229";"190-a";286.409090909091;290.3;289.48;289.55;288.657142857143;287.757541899441;45.1181818181818;37.9;37.02;38.25;33.8142857142857;38.3223463687151;302.454545454545;293;355.2;363.25;345.857142857143;311.185393258427
"230";"190-b";286.409090909091;290.3;289.48;289.55;288.657142857143;287.757541899441;45.1181818181818;37.9;37.02;38.25;33.8142857142857;38.3223463687151;302.454545454545;293;355.2;363.25;345.857142857143;311.185393258427
"231";"190-c";286.409090909091;290.3;289.48;289.55;288.657142857143;287.757541899441;45.1181818181818;37.9;37.02;38.25;33.8142857142857;38.3223463687151;302.454545454545;293;355.2;363.25;345.857142857143;311.185393258427
"232";"192-a";290;293.6;292.88;292.85;291.785714285714;291.08156424581;45.8545454545455;38.1;37.24;37.8;33.8380952380952;38.4653631284916;115.727272727273;138;170;190.5;221.666666666667;167.76404494382
"233";"192-b";290;293.6;292.88;292.85;291.785714285714;291.08156424581;45.8545454545455;38.1;37.24;37.8;33.8380952380952;38.4653631284916;115.727272727273;138;170;190.5;221.666666666667;167.76404494382
"234";"192-c";290;293.6;292.88;292.85;291.785714285714;291.08156424581;45.8545454545455;38.1;37.24;37.8;33.8380952380952;38.4653631284916;115.727272727273;138;170;190.5;221.666666666667;167.76404494382
"235";"196-a";286.109090909091;289.9;289.12;289.225;288.395238095238;287.474301675978;45.7090909090909;38.9;37.94;38.875;34.4095238095238;38.7659217877095;363.818181818182;383;436.8;460.75;464.857142857143;403.162921348315
"236";"196-b";286.109090909091;289.9;289.12;289.225;288.395238095238;287.474301675978;45.7090909090909;38.9;37.94;38.875;34.4095238095238;38.7659217877095;363.818181818182;383;436.8;460.75;464.857142857143;403.162921348315
"237";"196-c";286.109090909091;289.9;289.12;289.225;288.395238095238;287.474301675978;45.7090909090909;38.9;37.94;38.875;34.4095238095238;38.7659217877095;363.818181818182;383;436.8;460.75;464.857142857143;403.162921348315
"238";"198-a";275.7;285.4;284.6;284.725;284.5;280.991061452514;30.7818181818182;31.7;31.82;31.675;27.7190476190476;29.3234636871508;270.363636363636;232;251.8;244.5;240.619047619048;251.47191011236
"239";"198-b";275.7;285.4;284.6;284.725;284.5;280.991061452514;30.7818181818182;31.7;31.82;31.675;27.7190476190476;29.3234636871508;270.363636363636;232;251.8;244.5;240.619047619048;251.47191011236
"240";"198-c";275.7;285.4;284.6;284.725;284.5;280.991061452514;30.7818181818182;31.7;31.82;31.675;27.7190476190476;29.3234636871508;270.363636363636;232;251.8;244.5;240.619047619048;251.47191011236
"241";"199-a";273.981818181818;283.1;282.38;282.575;282.22380952381;278.908938547486;31.7454545454545;34;33.86;33.75;28.3952380952381;30.1307262569832;328.090909090909;292;319.4;314.25;294.47619047619;309.016853932584
"242";"199-b";273.981818181818;283.1;282.38;282.575;282.22380952381;278.908938547486;31.7454545454545;34;33.86;33.75;28.3952380952381;30.1307262569832;328.090909090909;292;319.4;314.25;294.47619047619;309.016853932584
"243";"199-c";273.981818181818;283.1;282.38;282.575;282.22380952381;278.908938547486;31.7454545454545;34;33.86;33.75;28.3952380952381;30.1307262569832;328.090909090909;292;319.4;314.25;294.47619047619;309.016853932584
"244";"2-a";277.172727272727;281.4;280.56;280.575;281.019047619048;279.70782122905;40.3363636363636;39.3;37.24;39.85;42.4047619047619;42.7050279329609;424.363636363636;392;414;413.5;380.714285714286;399.179775280899
"245";"2-b";277.172727272727;281.4;280.56;280.575;281.019047619048;279.70782122905;40.3363636363636;39.3;37.24;39.85;42.4047619047619;42.7050279329609;424.363636363636;392;414;413.5;380.714285714286;399.179775280899
"246";"2-c";277.172727272727;281.4;280.56;280.575;281.019047619048;279.70782122905;40.3363636363636;39.3;37.24;39.85;42.4047619047619;42.7050279329609;424.363636363636;392;414;413.5;380.714285714286;399.179775280899
"247";"200-a";279.1;287.4;286.62;286.8;286.133333333333;283.167039106145;30.5545454545455;32.1;31.14;31.4;27.3904761904762;28.795530726257;200.090909090909;177;208.4;204.5;181.857142857143;192.657303370787
"248";"200-b";279.1;287.4;286.62;286.8;286.133333333333;283.167039106145;30.5545454545455;32.1;31.14;31.4;27.3904761904762;28.795530726257;200.090909090909;177;208.4;204.5;181.857142857143;192.657303370787
"249";"200-c";279.1;287.4;286.62;286.8;286.133333333333;283.167039106145;30.5545454545455;32.1;31.14;31.4;27.3904761904762;28.795530726257;200.090909090909;177;208.4;204.5;181.857142857143;192.657303370787
"250";"201-a";276.890909090909;285.9;285.12;285.325;285.019047619048;281.705586592179;31.1636363636364;32.9;32.56;32.5;27.9666666666667;29.5106145251397;236.909090909091;213;234.6;229.25;213.809523809524;224.308988764045
"251";"201-b";276.890909090909;285.9;285.12;285.325;285.019047619048;281.705586592179;31.1636363636364;32.9;32.56;32.5;27.9666666666667;29.5106145251397;236.909090909091;213;234.6;229.25;213.809523809524;224.308988764045
"252";"201-c";276.890909090909;285.9;285.12;285.325;285.019047619048;281.705586592179;31.1636363636364;32.9;32.56;32.5;27.9666666666667;29.5106145251397;236.909090909091;213;234.6;229.25;213.809523809524;224.308988764045
"253";"203-a";275.945454545455;284.4;283.62;283.75;283.028571428571;280.074860335196;30.8181818181818;32.2;31.46;31.725;27.6380952380952;29.1234636871508;247.727272727273;219;252.4;250;219.761904761905;235.943820224719
"254";"203-b";275.945454545455;284.4;283.62;283.75;283.028571428571;280.074860335196;30.8181818181818;32.2;31.46;31.725;27.6380952380952;29.1234636871508;247.727272727273;219;252.4;250;219.761904761905;235.943820224719
"255";"203-c";275.945454545455;284.4;283.62;283.75;283.028571428571;280.074860335196;30.8181818181818;32.2;31.46;31.725;27.6380952380952;29.1234636871508;247.727272727273;219;252.4;250;219.761904761905;235.943820224719
"256";"204-a";273.018181818182;282.5;281.68;281.875;281.695238095238;278.217877094972;31.9909090909091;34.2;34.24;34.05;28.6952380952381;30.4553072625698;339.636363636364;307;329.6;322.75;296.571428571429;315.26404494382
"257";"204-b";273.018181818182;282.5;281.68;281.875;281.695238095238;278.217877094972;31.9909090909091;34.2;34.24;34.05;28.6952380952381;30.4553072625698;339.636363636364;307;329.6;322.75;296.571428571429;315.26404494382
"258";"204-c";273.018181818182;282.5;281.68;281.875;281.695238095238;278.217877094972;31.9909090909091;34.2;34.24;34.05;28.6952380952381;30.4553072625698;339.636363636364;307;329.6;322.75;296.571428571429;315.26404494382
"259";"206-a";278.654545454545;286.7;285.9;286.125;285.442857142857;282.562011173184;31.4818181818182;33.3;32.14;32.525;28.1285714285714;29.4960893854749;226.181818181818;203;240.8;239;205.571428571429;218.977528089888
"260";"206-b";278.654545454545;286.7;285.9;286.125;285.442857142857;282.562011173184;31.4818181818182;33.3;32.14;32.525;28.1285714285714;29.4960893854749;226.181818181818;203;240.8;239;205.571428571429;218.977528089888
"261";"206-c";278.654545454545;286.7;285.9;286.125;285.442857142857;282.562011173184;31.4818181818182;33.3;32.14;32.525;28.1285714285714;29.4960893854749;226.181818181818;203;240.8;239;205.571428571429;218.977528089888
"262";"207-a";286.772727272727;291.9;291.06;291.35;290.790476190476;289.141899441341;40.9909090909091;43.9;43.44;44.425;38.6619047619048;39.0279329608939;162;118;144.2;155.25;146.47619047619;156.252808988764
"263";"207-b";286.772727272727;291.9;291.06;291.35;290.790476190476;289.141899441341;40.9909090909091;43.9;43.44;44.425;38.6619047619048;39.0279329608939;162;118;144.2;155.25;146.47619047619;156.252808988764
"264";"207-c";286.772727272727;291.9;291.06;291.35;290.790476190476;289.141899441341;40.9909090909091;43.9;43.44;44.425;38.6619047619048;39.0279329608939;162;118;144.2;155.25;146.47619047619;156.252808988764
"265";"208-a";286.927272727273;292;291.24;291.525;290.947619047619;289.315083798883;40.9181818181818;43.8;43.36;44.25;38.6095238095238;38.9893854748603;159.818181818182;118;142.4;153.25;144.380952380952;154.044943820225
"266";"208-b";286.927272727273;292;291.24;291.525;290.947619047619;289.315083798883;40.9181818181818;43.8;43.36;44.25;38.6095238095238;38.9893854748603;159.818181818182;118;142.4;153.25;144.380952380952;154.044943820225
"267";"208-c";286.927272727273;292;291.24;291.525;290.947619047619;289.315083798883;40.9181818181818;43.8;43.36;44.25;38.6095238095238;38.9893854748603;159.818181818182;118;142.4;153.25;144.380952380952;154.044943820225
"268";"209-a";286.609090909091;291.7;290.88;291.175;290.628571428571;288.984357541899;40.9636363636364;44;43.5;44.475;38.6476190476191;39.0262569832402;166.272727272727;121;146.4;157.75;149.666666666667;159.376404494382
"269";"209-b";286.609090909091;291.7;290.88;291.175;290.628571428571;288.984357541899;40.9636363636364;44;43.5;44.475;38.6476190476191;39.0262569832402;166.272727272727;121;146.4;157.75;149.666666666667;159.376404494382
"270";"209-c";286.609090909091;291.7;290.88;291.175;290.628571428571;288.984357541899;40.9636363636364;44;43.5;44.475;38.6476190476191;39.0262569832402;166.272727272727;121;146.4;157.75;149.666666666667;159.376404494382
"271";"210-a";286.772727272727;291.9;291.06;291.35;290.790476190476;289.141899441341;40.9909090909091;43.9;43.44;44.425;38.6619047619048;39.0279329608939;162;118;144.2;155.25;146.47619047619;156.252808988764
"272";"210-b";286.772727272727;291.9;291.06;291.35;290.790476190476;289.141899441341;40.9909090909091;43.9;43.44;44.425;38.6619047619048;39.0279329608939;162;118;144.2;155.25;146.47619047619;156.252808988764
"273";"210-c";286.772727272727;291.9;291.06;291.35;290.790476190476;289.141899441341;40.9909090909091;43.9;43.44;44.425;38.6619047619048;39.0279329608939;162;118;144.2;155.25;146.47619047619;156.252808988764
"274";"211-a";286.827272727273;291.9;291.14;291.425;290.847619047619;289.215083798883;40.9;43.8;43.38;44.325;38.6238095238095;38.9854748603352;161.272727272727;118;141;152.5;144.619047619048;154.460674157303
"275";"211-b";286.827272727273;291.9;291.14;291.425;290.847619047619;289.215083798883;40.9;43.8;43.38;44.325;38.6238095238095;38.9854748603352;161.272727272727;118;141;152.5;144.619047619048;154.460674157303
"276";"211-c";286.827272727273;291.9;291.14;291.425;290.847619047619;289.215083798883;40.9;43.8;43.38;44.325;38.6238095238095;38.9854748603352;161.272727272727;118;141;152.5;144.619047619048;154.460674157303
"277";"212-a";286.609090909091;291.7;290.88;291.175;290.628571428571;288.984357541899;40.9636363636364;44;43.5;44.475;38.6476190476191;39.0262569832402;166.272727272727;121;146.4;157.75;149.666666666667;159.376404494382
"278";"212-b";286.609090909091;291.7;290.88;291.175;290.628571428571;288.984357541899;40.9636363636364;44;43.5;44.475;38.6476190476191;39.0262569832402;166.272727272727;121;146.4;157.75;149.666666666667;159.376404494382
"279";"212-c";286.609090909091;291.7;290.88;291.175;290.628571428571;288.984357541899;40.9636363636364;44;43.5;44.475;38.6476190476191;39.0262569832402;166.272727272727;121;146.4;157.75;149.666666666667;159.376404494382
"280";"225-a";292.290909090909;294.5;293.78;294.025;293.661904761905;293.094972067039;47.2;47.3;46.12;47.275;49.2571428571429;48.8737430167598;152;193;185.8;181.5;187.571428571429;173.932584269663
"281";"225-b";292.290909090909;294.5;293.78;294.025;293.661904761905;293.094972067039;47.2;47.3;46.12;47.275;49.2571428571429;48.8737430167598;152;193;185.8;181.5;187.571428571429;173.932584269663
"282";"225-c";292.290909090909;294.5;293.78;294.025;293.661904761905;293.094972067039;47.2;47.3;46.12;47.275;49.2571428571429;48.8737430167598;152;193;185.8;181.5;187.571428571429;173.932584269663
"283";"227-a";291.990909090909;294.4;293.68;293.675;293.404761904762;292.812849162011;46.2727272727273;46.8;46.14;47.15;49.0190476190476;48.3759776536313;214.181818181818;271;263;256.5;261.190476190476;245.230337078652
"284";"227-b";291.990909090909;294.4;293.68;293.675;293.404761904762;292.812849162011;46.2727272727273;46.8;46.14;47.15;49.0190476190476;48.3759776536313;214.181818181818;271;263;256.5;261.190476190476;245.230337078652
"285";"227-c";291.990909090909;294.4;293.68;293.675;293.404761904762;292.812849162011;46.2727272727273;46.8;46.14;47.15;49.0190476190476;48.3759776536313;214.181818181818;271;263;256.5;261.190476190476;245.230337078652
"286";"228-a";291.963636363636;294.4;293.66;293.625;293.380952380952;292.796089385475;46.2363636363636;47;46.14;47.125;49;48.4167597765363;222.636363636364;280;274.6;266.25;270.761904761905;254.674157303371
"287";"228-b";291.963636363636;294.4;293.66;293.625;293.380952380952;292.796089385475;46.2363636363636;47;46.14;47.125;49;48.4167597765363;222.636363636364;280;274.6;266.25;270.761904761905;254.674157303371
"288";"228-c";291.963636363636;294.4;293.66;293.625;293.380952380952;292.796089385475;46.2363636363636;47;46.14;47.125;49;48.4167597765363;222.636363636364;280;274.6;266.25;270.761904761905;254.674157303371
"289";"38-a";291.909090909091;295.1;294.9;294.8;294.285714285714;293.433519553073;62.0272727272727;67.4;69.08;67.725;61.1047619047619;64.2709497206704;1370.45454545455;741;722.2;747.75;964.47619047619;1187.36516853933
"290";"38-b";291.909090909091;295.1;294.9;294.8;294.285714285714;293.433519553073;62.0272727272727;67.4;69.08;67.725;61.1047619047619;64.2709497206704;1370.45454545455;741;722.2;747.75;964.47619047619;1187.36516853933
"291";"38-c";291.909090909091;295.1;294.9;294.8;294.285714285714;293.433519553073;62.0272727272727;67.4;69.08;67.725;61.1047619047619;64.2709497206704;1370.45454545455;741;722.2;747.75;964.47619047619;1187.36516853933
"292";"41-a";294.5;299.4;299.2;299.125;298.271428571429;296.822346368715;51.7181818181818;65.1;66.76;64.05;56.5333333333333;57.308938547486;1193.36363636364;593;570.8;593;785.857142857143;1008.74719101124
"293";"41-b";294.5;299.4;299.2;299.125;298.271428571429;296.822346368715;51.7181818181818;65.1;66.76;64.05;56.5333333333333;57.308938547486;1193.36363636364;593;570.8;593;785.857142857143;1008.74719101124
"294";"41-c";294.5;299.4;299.2;299.125;298.271428571429;296.822346368715;51.7181818181818;65.1;66.76;64.05;56.5333333333333;57.308938547486;1193.36363636364;593;570.8;593;785.857142857143;1008.74719101124
"295";"42-a";294.5;299.4;299.2;299.1;298.271428571429;296.821787709497;51.7363636363636;65.1;66.86;64.05;56.5666666666667;57.3402234636872;1194.90909090909;593;571.2;594.25;786.428571428571;1009.55617977528
"296";"42-b";294.5;299.4;299.2;299.1;298.271428571429;296.821787709497;51.7363636363636;65.1;66.86;64.05;56.5666666666667;57.3402234636872;1194.90909090909;593;571.2;594.25;786.428571428571;1009.55617977528
"297";"42-c";294.5;299.4;299.2;299.1;298.271428571429;296.821787709497;51.7363636363636;65.1;66.86;64.05;56.5666666666667;57.3402234636872;1194.90909090909;593;571.2;594.25;786.428571428571;1009.55617977528
"298";"44-a";282.8;287;286;286.1;286.32380952381;285.105586592179;47.3454545454546;44;44.4;45.525;49.8428571428571;49.7251396648045;366;314;331.4;331.25;299.666666666667;322.129213483146
"299";"44-b";282.8;287;286;286.1;286.32380952381;285.105586592179;47.3454545454546;44;44.4;45.525;49.8428571428571;49.7251396648045;366;314;331.4;331.25;299.666666666667;322.129213483146
"300";"44-c";282.8;287;286;286.1;286.32380952381;285.105586592179;47.3454545454546;44;44.4;45.525;49.8428571428571;49.7251396648045;366;314;331.4;331.25;299.666666666667;322.129213483146
"301";"45-a";285.1;289.1;288.18;288.3;288.509523809524;287.313407821229;47.1454545454545;43.3;43.74;44.9;48.9285714285714;49.6256983240224;447.363636363636;377;401;398.5;358.714285714286;387.415730337079
"302";"45-b";285.1;289.1;288.18;288.3;288.509523809524;287.313407821229;47.1454545454545;43.3;43.74;44.9;48.9285714285714;49.6256983240224;447.363636363636;377;401;398.5;358.714285714286;387.415730337079
"303";"45-c";285.1;289.1;288.18;288.3;288.509523809524;287.313407821229;47.1454545454545;43.3;43.74;44.9;48.9285714285714;49.6256983240224;447.363636363636;377;401;398.5;358.714285714286;387.415730337079
"304";"46-a";286.063636363636;289.9;289.08;289.2;289.428571428571;288.235195530726;46.5636363636364;42.7;42.9;43.975;47.9428571428571;48.8324022346369;394.181818181818;333;352.8;347.25;308.904761904762;337.275280898876
"305";"46-b";286.063636363636;289.9;289.08;289.2;289.428571428571;288.235195530726;46.5636363636364;42.7;42.9;43.975;47.9428571428571;48.8324022346369;394.181818181818;333;352.8;347.25;308.904761904762;337.275280898876
"306";"46-c";286.063636363636;289.9;289.08;289.2;289.428571428571;288.235195530726;46.5636363636364;42.7;42.9;43.975;47.9428571428571;48.8324022346369;394.181818181818;333;352.8;347.25;308.904761904762;337.275280898876
"307";"47-a";284.981818181818;289.2;288.2;288.225;288.490476190476;287.257541899441;46.4909090909091;43.9;44.18;45.375;50.1380952380952;49.7983240223464;546.909090909091;477;504;500.5;455.380952380952;487.573033707865
"308";"47-b";284.981818181818;289.2;288.2;288.225;288.490476190476;287.257541899441;46.4909090909091;43.9;44.18;45.375;50.1380952380952;49.7983240223464;546.909090909091;477;504;500.5;455.380952380952;487.573033707865
"309";"47-c";284.981818181818;289.2;288.2;288.225;288.490476190476;287.257541899441;46.4909090909091;43.9;44.18;45.375;50.1380952380952;49.7983240223464;546.909090909091;477;504;500.5;455.380952380952;487.573033707865
"310";"49-a";288.618181818182;291.8;291.3;291.325;291.390476190476;290.416201117318;51.5545454545455;47.7;46.76;48.425;51.447619047619;53.1581005586592;81.2727272727273;67;68.8;70;60.2380952380952;66.9269662921348
"311";"49-b";288.618181818182;291.8;291.3;291.325;291.390476190476;290.416201117318;51.5545454545455;47.7;46.76;48.425;51.447619047619;53.1581005586592;81.2727272727273;67;68.8;70;60.2380952380952;66.9269662921348
"312";"49-c";288.618181818182;291.8;291.3;291.325;291.390476190476;290.416201117318;51.5545454545455;47.7;46.76;48.425;51.447619047619;53.1581005586592;81.2727272727273;67;68.8;70;60.2380952380952;66.9269662921348
"313";"52-a";289.218181818182;292.4;291.94;291.975;292.076190476191;291.05251396648;50.3545454545455;47;45.86;47.425;50.5952380952381;52.263687150838;108.636363636364;88;91.6;93.25;80.0952380952381;88.7247191011236
"314";"52-b";289.218181818182;292.4;291.94;291.975;292.076190476191;291.05251396648;50.3545454545455;47;45.86;47.425;50.5952380952381;52.263687150838;108.636363636364;88;91.6;93.25;80.0952380952381;88.7247191011236
"315";"52-c";289.218181818182;292.4;291.94;291.975;292.076190476191;291.05251396648;50.3545454545455;47;45.86;47.425;50.5952380952381;52.263687150838;108.636363636364;88;91.6;93.25;80.0952380952381;88.7247191011236
"316";"56-a";286.772727272727;290.2;289.54;289.65;289.790476190476;288.727374301676;46.2727272727273;43;41.88;43.3;46.0476190476191;47.9675977653631;194.454545454545;160;167.8;169.75;149.571428571429;163.398876404494
"317";"56-b";286.772727272727;290.2;289.54;289.65;289.790476190476;288.727374301676;46.2727272727273;43;41.88;43.3;46.0476190476191;47.9675977653631;194.454545454545;160;167.8;169.75;149.571428571429;163.398876404494
"318";"56-c";286.772727272727;290.2;289.54;289.65;289.790476190476;288.727374301676;46.2727272727273;43;41.88;43.3;46.0476190476191;47.9675977653631;194.454545454545;160;167.8;169.75;149.571428571429;163.398876404494
"319";"58-a";285.545454545455;289.1;288.42;288.5;288.652380952381;287.577653631285;45.8454545454546;42.4;41.82;43.25;45.7238095238095;47.7469273743017;250.363636363636;206;217.2;220.75;194.761904761905;212.578651685393
"320";"58-b";285.545454545455;289.1;288.42;288.5;288.652380952381;287.577653631285;45.8454545454546;42.4;41.82;43.25;45.7238095238095;47.7469273743017;250.363636363636;206;217.2;220.75;194.761904761905;212.578651685393
"321";"58-c";285.545454545455;289.1;288.42;288.5;288.652380952381;287.577653631285;45.8454545454546;42.4;41.82;43.25;45.7238095238095;47.7469273743017;250.363636363636;206;217.2;220.75;194.761904761905;212.578651685393
"322";"6-a";277.2;281.4;280.5;280.55;280.985714285714;279.693854748603;39.9454545454545;39.7;37.48;40.225;42.9238095238095;42.8675977653631;476.181818181818;434;460.2;461.5;421.857142857143;444.859550561798
"323";"6-b";277.2;281.4;280.5;280.55;280.985714285714;279.693854748603;39.9454545454545;39.7;37.48;40.225;42.9238095238095;42.8675977653631;476.181818181818;434;460.2;461.5;421.857142857143;444.859550561798
"324";"6-c";277.2;281.4;280.5;280.55;280.985714285714;279.693854748603;39.9454545454545;39.7;37.48;40.225;42.9238095238095;42.8675977653631;476.181818181818;434;460.2;461.5;421.857142857143;444.859550561798
"325";"60-a";285.654545454545;289.2;288.5;288.6;288.757142857143;287.682681564246;45.7545454545455;42.4;41.8;43.125;45.7142857142857;47.7145251396648;249.363636363636;205;215.8;220;194.142857142857;211.786516853933
"326";"60-b";285.654545454545;289.2;288.5;288.6;288.757142857143;287.682681564246;45.7545454545455;42.4;41.8;43.125;45.7142857142857;47.7145251396648;249.363636363636;205;215.8;220;194.142857142857;211.786516853933
"327";"60-c";285.654545454545;289.2;288.5;288.6;288.757142857143;287.682681564246;45.7545454545455;42.4;41.8;43.125;45.7142857142857;47.7145251396648;249.363636363636;205;215.8;220;194.142857142857;211.786516853933
"328";"69-a";288.581818181818;291.8;292.04;292.125;291.495238095238;290.534078212291;83.7;74.7;76.64;77.575;76.3190476190476;75.7189944134078;806.909090909091;971;862;855.75;784;789.719101123595
"329";"69-b";288.581818181818;291.8;292.04;292.125;291.495238095238;290.534078212291;83.7;74.7;76.64;77.575;76.3190476190476;75.7189944134078;806.909090909091;971;862;855.75;784;789.719101123595
"330";"69-c";288.581818181818;291.8;292.04;292.125;291.495238095238;290.534078212291;83.7;74.7;76.64;77.575;76.3190476190476;75.7189944134078;806.909090909091;971;862;855.75;784;789.719101123595
"331";"7-a";285.990909090909;288.4;287.72;287.775;287.785714285714;287.493854748603;50.5272727272727;38.6;39.14;39.25;41.3666666666667;45.9368715083799;533.090909090909;485;507.8;506.75;432.333333333333;482.213483146067
"332";"7-b";285.990909090909;288.4;287.72;287.775;287.785714285714;287.493854748603;50.5272727272727;38.6;39.14;39.25;41.3666666666667;45.9368715083799;533.090909090909;485;507.8;506.75;432.333333333333;482.213483146067
"333";"7-c";285.990909090909;288.4;287.72;287.775;287.785714285714;287.493854748603;50.5272727272727;38.6;39.14;39.25;41.3666666666667;45.9368715083799;533.090909090909;485;507.8;506.75;432.333333333333;482.213483146067
"334";"72-a";288.590909090909;291.8;292.04;292.125;291.509523809524;290.549720670391;83.7818181818182;74.7;76.7;77.55;76.3;75.7620111731844;806.818181818182;963;856.8;849.5;778;785.780898876405
"335";"72-b";288.590909090909;291.8;292.04;292.125;291.509523809524;290.549720670391;83.7818181818182;74.7;76.7;77.55;76.3;75.7620111731844;806.818181818182;963;856.8;849.5;778;785.780898876405
"336";"72-c";288.590909090909;291.8;292.04;292.125;291.509523809524;290.549720670391;83.7818181818182;74.7;76.7;77.55;76.3;75.7620111731844;806.818181818182;963;856.8;849.5;778;785.780898876405
"337";"83-a";275.209090909091;281.8;281.06;280.975;279.7;277.953072625698;33.5363636363636;35.8;36.3;35.575;28.8714285714286;30.2569832402235;843;344;417.4;457.25;610.190476190476;599.511235955056
"338";"83-b";275.209090909091;281.8;281.06;280.975;279.7;277.953072625698;33.5363636363636;35.8;36.3;35.575;28.8714285714286;30.2569832402235;843;344;417.4;457.25;610.190476190476;599.511235955056
"339";"83-c";275.209090909091;281.8;281.06;280.975;279.7;277.953072625698;33.5363636363636;35.8;36.3;35.575;28.8714285714286;30.2569832402235;843;344;417.4;457.25;610.190476190476;599.511235955056
"340";"85-a";277.963636363636;284.3;283.7;283.65;282.280952380952;280.554189944134;31.0545454545455;34;33.58;32.625;27.2428571428571;28.3463687150838;701.636363636364;308;352.2;388.25;495.619047619048;499.76404494382
"341";"85-b";277.963636363636;284.3;283.7;283.65;282.280952380952;280.554189944134;31.0545454545455;34;33.58;32.625;27.2428571428571;28.3463687150838;701.636363636364;308;352.2;388.25;495.619047619048;499.76404494382
"342";"85-c";277.963636363636;284.3;283.7;283.65;282.280952380952;280.554189944134;31.0545454545455;34;33.58;32.625;27.2428571428571;28.3463687150838;701.636363636364;308;352.2;388.25;495.619047619048;499.76404494382
"343";"99-a";294.118181818182;296.4;295.58;296.225;296.352380952381;295.494972067039;74.4363636363636;80.6;76.48;77.125;75.3428571428571;71.1525139664805;490.090909090909;577;578;561.25;524.47619047619;500.320224719101
"344";"99-b";294.118181818182;296.4;295.58;296.225;296.352380952381;295.494972067039;74.4363636363636;80.6;76.48;77.125;75.3428571428571;71.1525139664805;490.090909090909;577;578;561.25;524.47619047619;500.320224719101
"345";"99-c";294.118181818182;296.4;295.58;296.225;296.352380952381;295.494972067039;74.4363636363636;80.6;76.48;77.125;75.3428571428571;71.1525139664805;490.090909090909;577;578;561.25;524.47619047619;500.320224719101
