"rho_p";"nb_neigh";"clustering";"skewness";"variance";"moran_I";"Spectral_ratio";"PLR";"PL_expo";"cv_psd";"fmax_psd";"cutoff";"slope_tpl";"flow_length";"perim_area_scaling";"mean_perim_area";"mean_psd";"median_psd";"Small_patches";"Small_patches_fraction";"sd_psd";"KS_dist";"core_area";"core_area_land";"division";"fractal_dim";"contig";"Shape_metric";"Cond_H";"Shannon_H";"Joint_H";"mutual_inf";"relat_mutual_inf";"Name_plot";"ID";"Latitude";"Longitude";"Type";"MAT_Holocene";"MAT_LGM";"MAT_range_diurn_Holocene";"MAT_range_diurn_LGM";"Isothermality_Holocene";"Isothermality_LGM";"MAT_Seasonality_Holocene";"MAT_Seasonality_LGM";"MaxMAT_Holocene";"MaxMAT_LGM";"MinMAT_Holocene";"MinMAT_LGM";"MAT_range_Holocene";"MAT_range_LGM";"MATwet_Holocene";"MATwet_LGM";"MATdry_Holocene";"MATdry_LGM";"MATwarm_Holocene";"MATwarm_LGM";"MATcol_Holocene";"MATcol_LGM";"MAP_Holocene";"MAP_LGM";"MAPwet_Holocene";"MAPwet_LGM";"MAPdry_Holocene";"MAPdry_LGM";"MAP_Seasonality_Holocene";"MAP_Seasonality_LGM";"MAPwetQ_Holocene";"MAPwetQ_LGM";"MAPdryQ_Holocene";"MAPdryQ_LGM";"MAPwarmQ_Holocene";"MAPwarmQ_LGM";"MAPcoldQ_Holocene";"MAPcoldQ_LGM";"MAT_Current";"MAT_range_diurn_Current";"Isothermality_Current";"MAT_Seasonality_Current";"MaxMAT_Current";"MinMAT_Current";"MAT_range_Current";"MATwet_Current";"MATdry_Current";"MATwarm_Current";"MATcol_Current";"MAP_Current";"MAPwet_Current";"MAPdry_Current";"MAP_Seasonality_Current";"MAPwetQ_Current";"MAPdryQ_Current";"MAPwarmQ_Current";"MAPcoldQ_Current";"Biome_LGM";"Biome_Current"
"42";0.287894533311668;2.72311138724328;2.24693618862448;0.77254398785369;0.056647905481748;0.0787918880678065;3.43709755604547;0.439606120673368;0.212584978404724;1.36864218386629;-6.95909281080179;0.0621199501043398;0.212584978404724;0.281763691680028;1.32171405889543;1667.08466071839;1.88472789089467e-05;1.13240023553925e-05;1538;0.0917277986521143;2.7841745985194e-05;NA;14.8213831178009;7.77367597248016;0.999982753395289;0.958377049985218;0.486159306636442;1.27534994202309;0.654239636573982;0.865538095743257;1.51977773231724;0.211298459169275;0.24412381177495;"Binary_00";"00";11.58;27.94;"Spots";-2.2197987946913;-4.13452323913574;-0.129618831939698;2.0749411680603;-1.92234594760472;3.48547627461752;4.49474234537774;11.7459556787111;-2.00715004136827;-3.30070559692383;-2.43781360363431;-4.99803582585653;0.430663962809248;1.69733062947591;-2.05162838565403;-3.00765949676514;-2.56023466586643;-4.56225244364421;-2.18946338578966;-4.22091227467855;-2.70169320522733;-4.73363542744955;322.015555555555;-38.0284000000002;98.8113777777776;1.57853333333327;0;0;1.31876437581379;2.20543104248051;264.586444444444;-17.1997333333335;0;0;108.552488888889;49.5812;0;0;28.3205232391357;14.4098988319397;58.6962570587158;239.911204321289;40.0007055969238;15.4507024925232;24.5500027038574;27.9041794967651;25.7959057769775;31.3735789413452;25.3874620941162;449.1548;123.6148;0;125.95456895752;328.3548;0;29.6052000000001;0;" Tropical extreme desert";"Tropical & Subtropical Grasslands, Savannas & Shrublands"
"41";0.394123300595429;3.1625858536788;2.08248147406128;0.382827506849391;0.101857888185806;0.294436217449784;4.79362442525122;0.464651127946936;NA;6.4610534144803;-3.70764081549898;NA;NA;0.258577816145249;1.38786976805102;1821.64642670095;7.32566911667636e-05;1.13240023553925e-05;1335;0.199045773072909;0.000601459127446789;NA;17.0466316587114;18.3436255932519;0.998027460889462;0.929274772430174;0.450697019432915;1.50583524692416;0.638441217157971;0.967195434265206;1.60563665142318;0.328754217107235;0.339904641254841;"Binary_01";"01";11.12;28.37;"Labyrinths";-2.26148683451335;-4.03968683451334;-0.45979394987318;1.69640160568237;-2.94432720421688;2.94456168467195;3.41650819213842;6.09038819213865;-2.26999371578638;-3.75204260467527;-2.45101062469486;-5.03834395802819;0.215185797797353;1.28630135335291;-1.95205807093302;-3.04484473759967;-2.61652760833749;-4.28618094167074;-2.43381842931112;-4.32633842931112;-2.81097205278184;-4.7273676083374;331.529022222224;-47.5852000000002;91.1200000000007;-7.87186666666685;0;0;0.840791703287763;1.63519170328779;262.354222222223;-22.3304000000001;0;0;74.9967555555559;60.4918666666669;0;0;28.2605001678467;14.4290783943176;60.7221049819947;212.263371807861;40.0376026046753;16.2750106246948;23.7625919799804;27.3970714042663;26.0638876083374;31.2804850959778;26.0638876083374;550.851200000002;146.000000000001;0;119.502674963379;383.851200000001;0;45.0000000000005;0;" Tropical extreme desert";"Tropical & Subtropical Grasslands, Savannas & Shrublands"
"40";0.579479529047437;3.28738524001726;1.73571743093988;-0.22213924919328;0.0886117121674021;0.486589006887069;6.10360528618014;0.601497285184041;1.41228568789804;33.4913155583735;-1.45079936783453;1.49011611938477e-08;1.41228568789804;0.100965746115245;1.44377049135122;2068.7420506099;0.00016282088481243;7.54087152365823e-06;1340;0.242797608262366;0.0062656902114879;NA;11.2178499636031;30.196665929337;0.860222575556249;0.933463845341807;0.380536848025511;1.5149956572267;0.729193704808015;0.981664220377589;1.7108579251856;0.252470515569574;0.257186225522678;"Binary_02";"02";10.96;28.2;"Gaps";-2.22464533649021;-3.99195644760132;-0.299634860229494;1.86523180643717;-2.50070879957412;3.66151342264811;4.89695984768332;2.73504873657225;-2.27630666334364;-3.68435110778808;-2.55331898201837;-5.06623009312947;0.275212318674729;1.38187898534139;-1.73146190940009;-2.88701746495564;-2.676458862559;-4.31319219589234;-2.46715688230727;-4.37046799341838;-2.99703664033678;-4.782458862559;320.403111111111;-49.3673333333335;86.1686666666667;-8.29600000000002;0;0;0.994873265584317;1.82287326558432;254.825333333333;-22.3220000000001;0;0;69.4766666666663;58.8473333333334;0;0;28.4919564476013;14.2014348602295;60.0051532440186;212.240951263428;40.2981511077881;16.6310967597961;23.6670543479919;27.4536841316223;26.4851921958923;31.6038013267517;26.4851921958923;552.522000000001;145.082;0;119.292460067749;383.302;0;45.6220000000001;0;" Tropical extreme desert";"Tropical & Subtropical Grasslands, Savannas & Shrublands"
"39";0.451705745138651;3.22008536307129;1.96413218695247;0.11192345342935;0.112116469799079;0.531147909579809;5.96318345543181;0.620170284086133;1.45232074996291;32.005495791697;-1.68215391950149;1.49011611938477e-08;1.45232074996291;0.285027683565102;1.4076363048773;2145.38126386145;0.000102404385658275;5.02724768243882e-06;1512;0.257976454529944;0.00335984051274752;NA;9.50634470047464;21.9098765307969;0.950171333675122;0.945127905354249;0.357831970135907;1.41068558377418;0.669377442701071;0.99327515338583;1.6626525960869;0.323897710684758;0.326090620087164;"Binary_03";"03";13.12;2.59;"Labyrinths";-1.96303113338894;-3.95380002227783;-0.0821245657517764;1.46589321202599;-3.87005992499452;2.59438451944986;18.1471183919271;-8.60444160807322;-1.25180655446368;-3.63155322113036;-2.64150139456858;-4.82808361679079;1.38032595121602;1.19653039566044;-2.29700483078002;-2.94948483078003;-1.67872848639605;-3.65323070861845;-1.61418806993273;-4.22853029215495;-2.2157453581916;-4.29140758041381;640.808311111114;-95.2281333333329;223.89488888889;-37.9036000000004;0;0;7.43688253987642;-2.58391746012347;561.827511111114;-65.5646666666661;0;0;58.2036888888842;-10.2414666666669;0;0;28.9694400222778;13.3998001213073;56.1558821472168;287.129214941406;40.4255532211303;16.5637236167908;23.8618296043395;28.04876483078;25.8185107086182;32.6235036254883;25.5939675804138;532.898400000001;172.520000000001;0;135.355250793457;405.3708;0;113.7784;0;" Tropical extreme desert";"Tropical & Subtropical Grasslands, Savannas & Shrublands"
"38";0.448220829066321;3.44739963016463;2.04008946244891;0.183234176632281;0.151761881692965;0.71125506819082;6.33751255399319;0.76458673846986;1.52128221163226;42.88455281081;-1.30794762612215;1.49011611938477e-08;1.52128221163226;0.501876306711793;1.36546789044538;2294.34582669337;0.000115689493371482;5.03288993573e-06;1524;0.308626974483597;0.00458834747116471;NA;7.9129057653253;28.5757424770878;0.918494407787188;0.956315704600276;0.317700220963944;1.31149564342801;0.537571009024633;0.992108116473124;1.52967912549776;0.454537107448492;0.458152795951655;"Binary_04";"04";13.17;1.58;"Labyrinths";-1.89972063742744;-4.01876952631632;0.250304076071846;1.63499296496073;-3.47926095869278;2.42922793019613;22.483247391493;-3.77148149739583;-1.24868804965548;-3.67678582743326;-2.99559525524563;-5.23173747746785;1.78054720559013;1.55495165003459;-2.43254688698662;-2.89679133143107;-2.1284119543118;-4.47584750986735;-1.52894861280653;-4.19543305725097;-2.09641909244114;-4.33965020355225;581.90071111111;-109.814533333334;188.516577777778;-45.0085333333333;0;0;3.73498813476573;-5.1523451985675;491.733377777777;-79.9552000000001;0;0;60.636844444444;-4.41933333333375;-1;-1;28.8823428596497;13.4294337017059;56.8229054031372;276.095868164062;40.2565991607666;16.6227641441345;23.6338350166321;28.0788446647644;25.8335408432007;32.333793057251;25.5640102035522;538.116400000001;174.1764;0;134.785011865234;407.4364;0;115.9236;1;" Tropical extreme desert";"Tropical & Subtropical Grasslands, Savannas & Shrublands"
"37";0.352788390199539;3.34283327144449;2.24870559525061;0.650394214670636;0.142868596485105;0.726427844721237;6.25023184500697;0.901571465104221;1.58830776547558;29.2980960654938;-2.42316653998102;1.49011611938477e-08;1.58830776547558;0.518158834161694;1.34543165097934;2466.5504350023;4.70384520266052e-05;3.77890389113734e-06;3175;0.345860566448802;0.00129131118899451;NA;6.21906459596784;21.5096469118168;0.987478938463651;0.964743005335652;0.269260805554379;1.24606148094792;0.507488454716876;0.936466710043476;1.44395516476035;0.4289782553266;0.458081692307764;"Binary_05";"05";15.2;-15.2;"Labyrinths";-1.71950095155503;-4.13272317377725;0.72460864088271;1.34138641866049;-3.27647998809812;0.34352001190188;33.4625018344451;19.4349462788894;-0.462573201497385;-2.62923986816406;-2.68135565016003;-4.45913342793781;2.21878244866265;1.82989355977375;-1.11910663731892;-3.27643997065225;-2.00249790488377;-4.21538679377254;-1.46787332789103;-3.85087332789104;-2.3585620659722;-4.43333984374998;407.041111111112;93.1966666666667;226.474444444445;46.1366666666665;0;0;15.4686542087131;0.593098653157199;372.728888888889;88.4933333333334;-0.186666666666585;-0.209999999999908;120.772222222223;125.940000000006;0;0.163333333333381;28.3530565071106;14.2889469146728;62.6864799880981;213.239387054444;39.0202398681641;16.2258000946045;22.7944397735596;28.6827733039856;28.3827201271057;30.6952066612244;25.31333984375;419.300000000001;138.19;0;145.930234680176;354.2;1;25.9100000000001;3;" Tropical extreme desert";"Tropical & Subtropical Grasslands, Savannas & Shrublands"
"36";0.377953370845253;3.17309115147475;2.12769068793419;0.486363480541704;0.11902180730147;0.568970394180088;5.3179274289707;0.86632674999227;1.53750193684797;12.8263835469006;-3.21504183078206;1.49011611938477e-08;1.53750193684797;0.364564059084753;1.3986188140383;2388.89169473508;5.61382388556054e-05;3.7746674517975e-06;2871;0.322366943633505;0.00107677773671746;NA;6.90805486096881;18.6177922725008;0.992182662371171;0.953742124035121;0.29101573565302;1.34400092112214;0.615740974767586;0.95627411296434;1.57201508773193;0.340533138196753;0.356104106113612;"Binary_06";"06";15.09;-15.04;"Labyrinths";-1.66370966162787;-4.1057718838501;0.764593645375573;1.37463364537557;-2.79853455420595;1.01804322357184;27.1237521691891;12.1314321691893;-0.501289890441903;-2.84523655710858;-2.69354888576931;-4.47177110799154;2.21061899532742;1.62653455088297;-1.05389601955838;-3.23470490844726;-2.53738608551025;-4.60989275217693;-1.59269634406197;-4.01385189961753;-2.25959270943536;-4.38690382054647;428.680622222223;88.2321333333334;233.729688888889;40.7599999999998;0;0;14.3236000657822;-0.687511045328961;387.592711111112;80.7642666666663;-0.303599999999869;-0.303599999999869;79.7545333333328;81.9769333333336;-0.303599999999869;0.363066666666797;28.3778918838501;14.2406996879578;61.7007567764282;221.461807830811;39.2629298904419;16.1824377746582;23.0804921157837;28.5848249084473;28.5875860855103;30.9587585662842;25.2975704872131;444.363600000001;143.68;0;144.839644378662;372.380000000001;0.303599999999869;29.3400000000001;2.30359999999987;" Tropical extreme desert";"Tropical & Subtropical Grasslands, Savannas & Shrublands"
"35";0.43677858995757;3.12817059871263;1.96877723184389;0.162587424441387;0.108094076665354;0.641800919370861;6.11950927358319;0.792697322222148;1.49123420702612;39.845612264893;-1.60007962811473;1.49011611938477e-08;1.49123420702612;0.437584290937599;1.44442859302752;2243.73353865246;8.63881704821143e-05;5.02724768243882e-06;1787;0.251619262179668;0.00427492036611414;NA;5.49697995014892;19.0644543425366;0.907582424886106;0.952027775119844;0.326856052952421;1.36835201113729;0.698849161215796;0.988479941790286;1.68732910300608;0.28963078057449;0.293006229392905;"Binary_07";"07";15.8;-14.36;"Gaps";-2.26840878236557;-4.75656433792113;0.593153030098804;1.10906414120992;-2.61794567532001;2.15516543579112;28.6859177856437;-2.37321554768977;-1.53287929501003;-4.19176818389892;-3.53335071606105;-5.06310627161659;2.01027142105099;0.871338087717675;-1.67653193935817;-3.9521541615804;-5.56545329954358;-7.3113644106547;-1.9801103866577;-4.61451038665772;-2.77573448545666;-4.68211226323444;371.45288888889;86.7713333333348;201.310444444445;39.7406666666671;0;0;16.2836944037543;3.45258329264337;342.253555555556;81.8693333333344;0;0;117.538666666667;117.744;-1;-1;29.2823643379211;14.0708691921234;57.8448345642089;285.144082214356;40.7475681838989;16.4222396049499;24.325328578949;30.2160208282471;29.028097743988;32.3403103866577;25.1745789299011;339.391999999999;117.998;0;147.372083374023;290.694;1;20.3000000000001;2;" Tropical extreme desert";"Tropical & Subtropical Grasslands, Savannas & Shrublands"
"34";0.474833598101711;3.01900436200398;1.84971795168394;0.00673528079780809;0.0962434933141146;0.616122044586324;5.82424079895623;0.826727854467792;1.60982509454635;50.7973732304534;-1.58591770339767;1.49011611938477e-08;1.60982509454635;0.202497409840258;1.46629180114603;2546.90957283546;6.53500685523963e-05;3.77043576182911e-06;3924;0.340388619014573;0.00306670395679052;NA;3.03538167266752;18.3052142612962;0.931644019094623;0.95933701237901;0.247091704680975;1.32355797343509;0.7820147941936;0.998180047811961;1.78019484200556;0.216165253618361;0.216559381338268;"Binary_08";"08";15.11;-14.53;"Gaps";-1.77310840989854;-4.24690396545408;0.549347394044688;1.07435628293357;-2.88605600026443;1.06727733306884;22.0488006058756;0.306880605875648;-0.947061548021104;-3.53903043690998;-2.97314513405695;-4.65092291183473;2.02608358603586;1.11189247492475;-1.17713165159435;-3.27174942937212;-2.6524248290846;-4.77268260686238;-1.76376674879285;-4.33863785990395;-2.3311584030999;-4.39172284754434;466.646088888891;91.1111999999999;244.14688888889;37.2969333333334;0;0;12.6247423543293;-1.45952431233727;415.352355555557;76.7845333333331;0.810800000000134;0.810800000000134;69.5891111111072;90.1317333333336;0.810800000000134;1.20720000000009;28.6298239654541;14.2329770503998;59.6727226669311;244.261306060791;40.1246171035766;16.2729229118347;23.8516941917419;28.7156960960388;29.023909273529;31.6152511932373;25.3403361808777;470.829200000002;156.329200000001;0;144.766190979004;393.140000000002;0;34.8292000000002;1;" Tropical extreme desert";"Tropical & Subtropical Grasslands, Savannas & Shrublands"
"33";0.466739729332985;3.55286939100838;2.02973905760812;0.134508841760659;0.169784000207464;0.761842681843179;7.73294657301849;0.685902893444169;1.49938253391953;44.9053417999788;-1.19643194891831;1.49011611938477e-08;1.49938253391953;0.50925547014144;1.30021653788343;2220.87076966705;0.000128084448225298;3.77043576182911e-06;1616;0.342082980524979;0.00510879998245201;NA;12.9136239487422;33.1927798668785;0.904858510758567;0.954482365497176;0.343376598917076;1.3070456007815;0.481085579031565;0.996833885703013;1.47791946473458;0.515748306671447;0.517386411184967;"Binary_16";"16";15.03;-0.87;"Spot–labyrinths";-1.44665085232203;-4.19600640787758;-2.14861349945069;-0.648613499450693;-6.28397893202045;-0.268823376464894;16.6975911119256;-14.4326666658526;-2.79040145287409;-5.4015125639852;-1.64323511354233;-4.06545733576455;-1.17680633933173;-1.33605522822064;-1.1491595353868;-2.87871509094235;-1.83657177697074;-4.59136288808183;-1.36102326941592;-4.65132549163815;-1.87734773491751;-4.27763217936195;491.139422222222;-55.8678666666671;215.2392;-23.2121333333334;0;0;13.0551857387966;-9.14379203898179;451.832133333333;-49.607866666667;0;0;31.9577333333335;29.0781333333335;0;0;29.5394597412109;15.4486134994507;58.2688233764649;319.808453332519;42.5198192306518;16.0071506690979;26.5126685615539;29.5267150909423;25.7986295547485;33.4832054916381;25.2733255126953;311.2272;106.94;0;142.693525372314;251.5836;0;48.7800000000002;0;" Tropical extreme desert";"Tropical & Subtropical Grasslands, Savannas & Shrublands"
"32";0.383888173902552;3.4126359487438;2.18488898077809;0.478934392870965;0.152601266934827;0.710928294926464;7.08249186665861;0.622968659084419;1.60278674160422;47.3881965656548;-1.50868730933769;1.49011611938477e-08;1.60278674160422;0.634809712926573;1.33871277512216;2510.34548195906;7.36264238401519e-05;2.51362384121941e-06;2663;0.395690936106984;0.00313473991807517;NA;7.58177670363625;24.5152476422208;0.948745699319335;0.961799416064388;0.26251077648242;1.26817305478092;0.50164095095145;0.96073882417817;1.46237977512962;0.45909787322672;0.477859186776842;"Binary_18";"18";15.34;-1.15;"Spot–labyrinths";-1.41293527348836;-4.24426860682168;-2.28274398002623;-0.791477313359573;-5.95632448916965;0.508564399719177;8.24175980767166;-25.9796624145504;-2.89043293948701;-5.50814405059812;-1.27551024140251;-3.72462135251364;-1.55552298990883;-1.78352298990883;-1.11591030968559;-3.1268214207967;-0.542802523803704;-2.95033585713704;-1.47376294436983;-4.77207405548094;-1.73332348649766;-4.08614570871988;496.575999999999;-30.5380000000007;222.239999999999;-9.32666666666712;0;0;15.0364967380099;-6.07505881754574;459.616444444444;-28.3120000000006;0;0;31.3066666666666;30.7379999999997;0;0;29.733601940155;15.3801439800262;57.0674356002808;337.402662414551;42.9081440505981;15.9572880191803;26.9508563232422;29.9736880874634;25.7006025238037;33.8522740554809;25.1974790420532;283.9;95.6800000000001;0;142.812392150879;231.494;0;43;0;" Tropical extreme desert";"Tropical & Subtropical Grasslands, Savannas & Shrublands"
"31";0.173519708873244;3.22686818531585;2.92297615503254;1.72889433597242;0.0918372960947137;0.734956499515866;7.05923479691159;0.728624518082328;1.48638045277943;28.7881155675331;-2.73463357964706;0.00114913954419747;1.48638045277943;2.86202326577395;1.29454720163497;2133.74401597927;3.39502463066414e-05;6.29817315189556e-06;1528;0.262859108893859;0.000970557511639599;NA;10.1455760927359;9.57788383901366;0.99518058153897;0.961286588506872;0.360810240140723;1.26073945517579;0.324547049594744;0.665738418036071;0.990285467630815;0.341191368441327;0.512500644694416;"Binary_20";"20";14.85;-1.43;"Spot–labyrinths";-1.65622713478935;-4.36580491256713;-2.1890104698181;-0.669277136484768;-6.08488072289357;0.253341499328641;6.49476493191167;-25.1613461791993;-2.80643859151203;-5.2915052581787;-1.44844131499394;-3.8103968705495;-1.35799729368422;-1.48110840479533;-1.65298928604126;-3.29832261937459;-1.85143341912162;-3.44434453023292;-1.60610757141112;-4.83764090474445;-1.88474956876965;-4.26959401321409;546.820444444444;-54.1373333333337;233.295111111111;-19.7133333333336;0;0;13.0744734327527;-6.47041545613632;500.965777777777;-48.9886666666672;0;0;37.0246666666668;14.3813333333333;0;0;29.6958049125671;15.1726104698181;57.7466585006714;319.216146179199;42.4569052581787;16.1824635372162;26.2744417381287;29.6303892860413;25.9492111968994;33.6643075714111;25.4695940132141;349.582000000001;116.2;0;140.165082122803;279.482000000001;0;56.1000000000001;0;" Tropical extreme desert";"Tropical & Subtropical Grasslands, Savannas & Shrublands"
"30";0.13708981572805;3.0777062104325;3.11130356136158;2.04131380072622;0.0658407745559782;0.484410540055468;5.24336602525317;0.426038156963481;NA;2.59740205576057;-6.08581912096469;NA;NA;1.67644794163126;1.25024371233228;2031.00706983756;3.02426242506177e-05;6.29817315189556e-06;1395;0.273797841020608;7.47099621733508e-05;NA;15.941442801753;6.32903420033985;0.999970558330688;0.957238798091884;0.39439851119133;1.27667618004593;0.301662159140704;0.576557550829659;0.878219709970363;0.274895391688955;0.476787427887093;"Binary_21";"21";14.97;-1.12;"Spot–labyrinths";-1.48042376807319;-4.20751265696209;-2.16831001096088;-0.646856677627522;-5.96461614244246;0.419428302001904;11.5019082264537;-19.6695406624351;-2.86710755198162;-5.38541421864826;-1.45428917431303;-3.84317806320192;-1.4128183776686;-1.54223615544635;-1.21378342553033;-2.92309453664145;-1.82325986111112;-4.54548208333334;-1.45927849836563;-4.70976294281008;-1.84483039537219;-4.2291726175944;517.274488888888;-52.6375999999999;224.056355555555;-20.3399999999997;0;0;13.076789098443;-8.9130331237792;475.13431111111;-46.9333333333331;0;0;34.3709333333331;12.9266666666666;0;0;29.6027259902954;15.3088566776276;57.5805716979981;321.487887329101;42.6300808853149;16.0431780632019;26.586902822113;29.4776412033081;25.87426875;33.6176429428101;25.3625059509277;325.08;109.82;0;141.744633123779;261.64;0;51.4400000000001;0;" Tropical extreme desert";"Tropical & Subtropical Grasslands, Savannas & Shrublands"
"29";0.536575740513584;3.53358598752969;1.88486076743877;-0.148217717274458;0.156681815073467;0.749375887837069;7.11059744471257;0.695840313706003;1.55676461138715;52.3077146654333;-0.928622254974929;1.49011611938477e-08;1.55676461138715;0.730644580735208;1.36212639355324;2388.34162775799;0.000149965271244713;3.77043576182911e-06;1798;0.360032038446135;0.00755827423834369;NA;7.70998391713477;37.1733545818335;0.795574430927921;0.956456494299429;0.294793878360129;1.30544370113404;0.542094519672367;0.996128766318966;1.53822328599133;0.454034246646599;0.455798750119836;"Binary_23";"23";15.02;-1.35;"Spot–labyrinths";-1.64618859473334;-4.36987748362223;-2.44659713969761;-0.917908250808747;-6.34798623826786;0.207124872843252;7.64008487820144;-25.0730928995756;-2.92720542687309;-5.43051653798422;-1.225030933804;-3.58125315602623;-1.70237449306909;-1.84926338195798;-1.48555415089925;-3.26955415089921;-0.68982522769506;-3.08980300547284;-1.61103381432425;-4.8994782587687;-1.85088191647001;-4.2377708053589;539.119333333331;-41.4806666666695;233.976666666665;-14.1413333333342;0;0;13.6411265530055;-6.56998455810552;496.130444444442;-37.704666666669;0;0;36.379333333333;16.4613333333322;0;0;29.8686108169555;15.4179082508087;57.7595417938233;324.87482623291;42.7971832046509;16.1039198226928;26.693263381958;29.8722208175659;26.0525363388061;33.898811592102;25.5337708053589;326.120000000001;109.04;0;141.569984558106;263.098000000001;0;51.0220000000003;0;" Tropical extreme desert";"Tropical & Subtropical Grasslands, Savannas & Shrublands"
"28";0.290706037806674;3.16370143769553;2.38718538490123;0.941977367618283;0.118553273219331;0.685585693046807;6.11103355419097;0.864467980956481;1.64051914223795;18.8173311212696;-3.35727289859417;1.49011611938477e-08;1.64051914223795;0.644696789316531;1.41302325578243;2584.30387034939;3.58759740767044e-05;2.516444967865e-06;3920;0.380324051615407;0.000620970899066569;NA;4.0523773833242;15.1401911491598;0.996868882218187;0.96273901805497;0.23819775045857;1.27745511151735;0.512760998669813;0.869114944012917;1.38187594268273;0.356353945343104;0.410019351062738;"Binary_25";"25";16.19;-1.83;"Spot–labyrinths";-1.65072536231146;-4.72761425120036;-1.48290900804308;0.128308769734694;-4.23255724707714;2.14348719736732;6.38577441433404;-36.3967100301098;-2.6440302380032;-5.23291912689209;-1.68230522613525;-4.20882522613526;-0.961725164455832;-1.02409405334472;-1.35668215945772;-3.96684660390217;-1.97101786039564;-4.27791563817342;-1.67012582302517;-5.00193471191404;-1.89201131749471;-4.23541131749472;425.872;13.8046666666665;204.771688888889;7.39333333333323;0;0;19.9589905883791;-1.94727607828779;399.248488888889;9.96173333333343;0;0;56.3153777777776;26.4863999999997;0;0;29.4669475845337;15.1070245635986;55.5147794692993;366.015776696777;42.4389191268921;15.2263052261353;27.2126140533447;30.5395132705688;26.0469023048401;33.5624547119141;24.3195579841614;205.1452;71.94;0;145.743809411621;172.6348;0;27.5452000000002;0;" Tropical extreme desert";"Tropical & Subtropical Grasslands, Savannas & Shrublands"
"27";0.518148364133604;3.46808660301937;1.90109669112798;-0.0642824094577856;0.150255398737211;0.714500330349312;6.38238805527757;0.817077117203634;1.61702893024991;56.8088684896358;-0.998073816598433;1.49011611938477e-08;1.61702893024991;0.310104751823625;1.40993770927149;2520.07744865614;0.000121283586601781;3.7746674517975e-06;2397;0.375941028858218;0.0058597228573857;NA;4.86965958898532;34.2133341385957;0.853114845573348;0.956940032469346;0.25670074356551;1.31720501038086;0.577362711808433;0.998991461333354;1.57635417314179;0.421628749524922;0.42205440771453;"Binary_26";"26";16.17;-2.03;"Spot–labyrinths";-1.73665597152709;-4.77148263819376;-1.40068991389806;0.210865641657501;-3.72793805474176;2.39735083414713;2.02598420491506;-40.5125624617517;-2.70572640167237;-5.25496640167238;-1.69987855751035;-4.17121189084368;-0.993367813262978;-1.08375447992964;-1.453676966078;-4.02392141052245;-2.02128359592013;-4.31992804036458;-1.8078334600491;-5.11601568227132;-1.92457127755058;-4.22890905532836;434.981066666667;10.1378666666669;210.810888888889;5.35146666666668;0;0;19.7450001925997;-5.2673553629559;408.424222222222;6.74960000000013;0;0;56.2821333333335;26.3457333333335;0;0;29.3780559715271;15.0418010250092;55.1293158325195;371.437069128418;42.3549664016724;15.0703585575104;27.284607813263;30.5111614105225;25.9190747070313;33.537762348938;24.1583090553284;213.1904;75.5475999999999;0;146.273088696289;179.6428;0;28.5475999999999;0;" Tropical extreme desert";"Tropical & Subtropical Grasslands, Savannas & Shrublands"
"26";0.265537965774498;3.25550575305639;2.50634509212967;1.05228812661453;0.120456868368176;0.643925959740627;5.90757343712473;1;1.69074095476967;19.676346076025;-2.87756737039316;1.49011611938477e-08;1.68889265922658;0.786061106747999;1.37450157767601;2721.36154915011;4.3867324782636e-05;2.516444967865e-06;3553;0.466517857142857;0.000978520716219768;NA;5.10700770272132;15.0470826853488;0.994186829069208;0.966130011025032;0.206098056403444;1.24737945775083;0.444470732961764;0.835407863355002;1.27987859631677;0.390937130393238;0.467959600982486;"Binary_27";"27";16.48;-1.87;"Spot–labyrinths";-1.75381330018784;-4.83936885574339;-1.3815809356181;0.265032397715249;-3.21278028852679;3.00637526702878;0.137363197971411;-47.3431123575839;-2.81372929985891;-5.44684041097002;-1.68419618837992;-4.19619618837991;-1.12953253202649;-1.2506436431376;-1.4310226899041;-4.20725380101522;-2.05295286083643;-4.31614841639199;-1.79520569871688;-5.1294279209391;-1.91762086193507;-4.21593641749063;365.806444444445;17.2269333333341;178.485822222222;6.28760000000034;0;0;21.6255142951117;-4.77439681599918;345.980933333334;14.5602666666675;0;0;83.0715111111113;22.9676000000002;0;0;29.4462888557434;15.3356342689514;55.3244247329712;379.740845690917;42.5762670776367;14.8567695217133;27.7194969764709;30.7730004676819;25.8434817497254;33.6026012542725;24.077429750824;175.6848;63.3523999999998;0;146.419463482666;148.7048;0;22.9924;0;" Tropical extreme desert";"Tropical & Subtropical Grasslands, Savannas & Shrublands"
"25";0.427659812994643;3.46637369628672;2.09253623211798;0.306471251583478;0.1646764744282;0.794015031821773;7.08749141405073;0.692916671923947;1.67627723507059;46.8001194824056;-1.65450147198371;1.49011611938477e-08;1.67427689599335;0.618933492353228;1.3461354800015;2637.13356531558;6.94252943173121e-05;2.51926926075822e-06;3284;0.415223163484638;0.00293923722663754;NA;5.15240521823734;28.7045539570792;0.946761997384466;0.969760445970888;0.225282736603551;1.21574604417793;0.509216337842211;0.984732624402963;1.49394896224517;0.475516286560753;0.482888730175925;"Binary_28";"28";15.95;-1.52;"Spot–labyrinths";-1.66389988055758;-4.63421099166869;-2.15084693230524;-0.54329137674968;-5.05721133677166;1.24278866322835;5.89769719238291;-33.9927028076171;-3.12730750630696;-5.77197417297364;-1.39145524067349;-3.98161079622903;-1.73645160378351;-1.79036271489463;-1.36257689904106;-3.7744213434855;-0.796921453348794;-3.14945478668212;-1.7272478954739;-5.06013678436279;-1.92313081639607;-4.28833081639607;450.538888888888;2.4459999999998;213.807777777777;4.75999999999991;0;0;19.3231893073188;-2.00458847045905;422.985777777777;1.2519999999999;0;0;47.4175555555556;27.596;0;0;29.7484109916687;15.476624710083;56.090544670105;358.269502807617;43.1425741729736;15.5503441295624;27.5922293815613;30.5097546768189;25.3410547866821;33.9083367843628;24.7931974830628;227.082;77.694;0;144.228588470459;188.382;0;32;0;" Tropical extreme desert";"Tropical & Subtropical Grasslands, Savannas & Shrublands"
"24";0.515224573960077;3.38195278062328;1.88160569583627;-0.0575535893903319;0.139182470802013;0.677828980401022;6.28528909271065;0.945165576903781;1.74218085353277;70.1783979280639;-0.943958061737629;1.49011611938477e-08;1.74076100900797;0.30946967966916;1.43951835786303;2756.39365780957;9.10934536704521e-05;2.51926926075822e-06;3973;0.460584280083469;0.00566573678374065;NA;2.77128604286212;31.6417699881972;0.818424324387759;0.964398067193568;0.195300430412548;1.26760358602788;0.631395520882048;0.999327373723909;1.63072289460596;0.367931852841861;0.368179500047911;"Binary_29";"29";15.86;-2.05;"Spot–labyrinths";-1.5488203654819;-4.485531476593;-2.04759409544203;-0.453505206553151;-4.68064725070532;1.48090830485022;3.86827799207902;-35.3100108968098;-2.86511724599202;-5.43178391265868;-1.08832238146462;-3.58185571479796;-1.71659528605144;-1.84992861938477;-1.30507837134466;-3.64270059356688;-1.8399264145745;-4.17110419235228;-1.61736206105549;-4.90956206105549;-1.77806442540486;-4.11286442540486;500.465333333334;6.91399999999993;237.268666666667;5.23533333333344;0;0;17.3803680860732;-7.15318746948265;466.172444444446;2.10266666666678;0;0;51.7131111111113;31.2400000000001;0;0;29.268931476593;15.3600385398865;55.5517583618164;359.797877563476;42.5617839126587;14.911855714798;27.6499286193848;30.0921005935669;26.0545041923523;33.4428287277222;24.2881310920715;247.160000000001;85.8180000000002;0;145.813187469482;206.398000000001;0;34.8600000000001;0;" Tropical extreme desert";"Tropical & Subtropical Grasslands, Savannas & Shrublands"
"23";0.537725723420941;3.42202973478961;1.850640521318;-0.168155224932751;0.12690665276614;0.631952295808637;6.48834406521034;0.694135989694936;1.39842390891661;33.1982655803831;-1.28996371386758;1.49011611938477e-08;1.39842390891661;0.239254579326677;1.39504263113885;1952.04613463062;0.000173013424524112;7.54087152365823e-06;854;0.211438474870017;0.00543392894808518;NA;12.4046797899991;32.5285547668363;0.908164763324648;0.942527761078045;0.410868770557447;1.42048274256243;0.621365052581382;0.995877737848338;1.61724279042972;0.374512685266956;0.376062915188883;"Binary_30";"30";14.8;-3.38;"Labyrinths";-1.93704488262599;-4.44786710484822;-1.93762217076622;-0.503822170766215;-5.66200488366024;-0.0731159947713422;-0.0616083089196877;-23.1520749755866;-2.69067247619628;-4.95060580952963;-1.50888070064119;-3.75332514508564;-1.16499143795442;-1.19728032684329;-1.90490348247952;-3.34405903803507;-2.58626012301973;-4.87363790079752;-1.98286714096069;-5.01100047429403;-2.07966210564506;-4.36370655008951;624.528222222222;-59.1866666666671;263.230222222222;-32.246666666667;0;0;12.8344823608398;-11.4055176391604;566.046;-62.371333333334;-1;-1;38.7695555555555;14.0746666666666;-0.888888888888889;-1;26.1445337715149;14.8642888374329;56.739782661438;314.972474975586;38.9472724761963;12.7499918117523;26.1972803268433;26.3011923713684;22.4331712341308;30.1076671409607;21.9232398834228;432.540000000001;145.98;0;137.41751763916;342.260000000001;1;70.9800000000004;1;" Tropical extreme desert";"Tropical & Subtropical Grasslands, Savannas & Shrublands"
"22";0.585445615234571;3.65374674228991;1.83113513211541;-0.365927576038437;0.166224360324142;0.790804784275081;6.80667382832854;0.788168624926067;1.51062835789797;25.1126326497746;-1.47736176880675;1.49011611938477e-08;1.51062835789797;0.366215414607879;1.36592726881835;2263.18433495873;0.000287587184013969;5.03288993573e-06;816;0.296727272727273;0.00639553387453773;NA;8.20262663598121;44.5580619347435;0.91651233171871;0.951847016189899;0.325357963734388;1.33536202333463;0.469364353450572;0.978443141017358;1.44780749446793;0.509078787566786;0.520294707199296;"Binary_31";"31";14.94;-3.56;"Labyrinths";-2.15770094363742;-4.70089205474853;-1.99836011793349;-0.577471229044599;-5.70461429324679;-0.167858737691233;-5.96781850341802;-29.9577385034181;-2.66261606987847;-4.99578051432292;-1.47032448465136;-3.79254670687357;-1.19793063498603;-1.20323285720825;-2.3092864940389;-3.87481982737224;-3.64359447811552;-4.48785670033773;-2.16045539055718;-5.19729983500163;-2.14656454515245;-4.43098676737467;576.926088888889;-51.0648;250.188933333333;-28.5902666666667;0;0;12.7734787238227;-8.11136572062173;527.124088888889;-52.0835999999999;-1;-1;35.1753333333334;14.2333333333334;-1;-1;28.1048920547485;15.0108045623779;56.8157254043579;322.443778503418;40.8463938476562;14.4262400402069;26.4201528572083;28.5159131607056;25.3566433670044;32.038513168335;23.670200100708;386.7036;135.8236;0;141.344699053955;312.7636;1;58.94;1;" Tropical extreme desert";"Tropical & Subtropical Grasslands, Savannas & Shrublands"
"19";0.500001256811921;3.31251555300842;1.89085255348841;0.00205925773162695;0.112045133226652;0.444428298464542;5.19405643172668;0.553908611286362;1.1652282461692;12.0451308154975;-2.87248227345747;0.00126910538044451;1.1652282461692;0.176583120549743;1.39797605511327;1798.55129558204;0.000138506481862291;1.13240023553925e-05;909;0.187384044526902;0.00263300915195292;NA;17.0101725870163;27.3287181732623;0.974882689376609;0.924307169503187;0.456207385945734;1.54912405263795;0.661403389884253;0.999998768000282;1.66140215788453;0.338595378116029;0.338595795265954;"Binary_48";"48";15.48;-5.83;"Labyrinths";-3.0902000978258;-5.75490232004802;-1.30251898551093;-0.316167874399817;-2.15827900611034;3.19189877166748;-29.3355932977972;-64.8801088533526;-3.55103914276123;-6.1666658094279;-2.01026525934858;-3.95711859268191;-1.59761481496176;-2.20954814829506;-3.03465972741022;-4.97929083852133;-1.31548674741958;-3.43478452519737;-3.48929331614178;-6.54282664947511;-2.79948674741959;-4.9203978585307;363.187955555556;-52.0554666666675;175.097866666667;-18.2410666666669;0;0;20.3536633192275;2.35597443033853;351.008444444445;-39.8438666666675;-1;-1;35.2225333333337;22.3062666666668;-1;-1;28.8899556533813;15.8495012077332;55.8081012283325;361.433495520019;42.2002791427612;13.8002785926819;28.4000014816284;29.681397505188;23.896891191864;33.1448266494751;23.896891191864;299.076800000001;104.3916;0;139.931492236328;242.508400000001;1;43;1;" Tropical extreme desert";"Tropical & Subtropical Grasslands, Savannas & Shrublands"
"18";0.32385780932655;3.2507237602937;2.306328386644;0.723954209394794;0.118122460003881;0.508489699963278;5.3837087283752;0.476806626136378;NA;4.57778856361492;-4.3420354119884;NA;NA;0.452715718828681;1.33513643082157;1785.66513458543;6.54595772470612e-05;1.13240023553925e-05;1066;0.183571551575685;0.00030170882399544;NA;18.3377581732883;17.1709622382268;0.999528004893588;0.933125220241767;0.460863304256262;1.44977386666757;0.51906268818883;0.908898056632703;1.42796074482153;0.389835368443873;0.428909893248249;"Binary_49";"49";15.57;-5.92;"Labyrinths";-3.00632997472128;-5.67383664138794;-1.26882223659939;-0.284057792154947;-1.97096605919732;3.2912561630249;-29.0883167060003;-66.3254989282225;-3.49011770921494;-6.09372659810383;-1.89857685190836;-3.85805685190837;-1.5811003316413;-2.23566922053018;-3.00939296327379;-5.01080185216268;-1.17448064217462;-3.3067784199524;-3.3387502589586;-6.38334581451415;-2.69300064217462;-4.82263175328573;345.412577777778;-47.3496000000003;166.096533333333;-14.8785333333335;0;0;21.6167388414171;6.79856106363914;337.091333333333;-33.2800000000003;-1;-1;32.3397333333333;21.7748;-1;-1;28.9743566413879;15.8173911254883;55.7687438369751;365.182338928223;42.2543932647705;13.8919101852417;28.3624825538635;29.8894685188293;23.8932984199524;33.1953458145142;23.8932984199524;287.4444;100.64;0;139.524505603027;232.7;1;41.82;1;" Tropical extreme desert";"Tropical & Subtropical Grasslands, Savannas & Shrublands"
"17";0.354584629182459;3.23136931701113;2.20971421775446;0.571032936025788;0.126225961353401;0.644940955421054;5.73880516781572;0.77960293002925;1.55660310071099;25.8167050521725;-2.31112959393004;1.49011611938477e-08;1.55660310071099;0.620251562016199;1.40197148472983;2425.28221491061;6.53120252225762e-05;3.7746674517975e-06;2288;0.320537965816755;0.00192908037680217;NA;5.31735656048577;18.4552299275767;0.979799701657272;0.958093720523147;0.280369747900243;1.31407239961722;0.562811154943106;0.93775966352197;1.50057081846508;0.374948508578864;0.399834331933898;"Binary_50";"50";15.58;-13;"Gaps";-2.21037789450754;-4.72526678339643;0.188395462883864;0.780506573994959;-2.54062010871039;2.11715766906735;6.79993362765839;-22.3882885945637;-2.39888772922095;-5.23866550699874;-3.74515601942282;-5.46126713053393;1.33826829020183;0.222601623535187;-1.80751098802358;-3.78639987691246;-2.94943982187911;-4.81377315521244;-2.29937719387481;-5.08126608276371;-2.57937769995799;-4.59726658884687;390.095555555554;56.7233333333313;203.476666666666;25.1733333333326;0;0;17.4296346028648;2.74296793619791;364.958888888888;47.5133333333316;0;0;19.5299999999979;31.086666666658;0;0;29.8876001167297;14.2458267593384;55.8828423309326;310.87195526123;42.650998840332;17.1586004638672;25.4923983764648;30.0390665435791;27.4287731552124;33.8172660827637;25.8165999221802;352.170000000001;124.03;0;145.993698730469;299.93;1;27.3700000000002;2;" Tropical extreme desert";"Tropical & Subtropical Grasslands, Savannas & Shrublands"
"16";0.455711204729635;3.59466950547859;2.06534804829315;0.138010155418343;0.178433169747762;0.846281475838135;7.93524014835636;0.910192460903554;1.62300335943928;39.7523042478974;-1.35396942349599;1.49011611938477e-08;1.6203522717358;0.821093544499979;1.36286228525372;2522.90777542449;0.000135426806754721;2.51362384121941e-06;1481;0.366856576665841;0.00494745166862553;NA;4.89007586601167;32.8983088338796;0.917596721249712;0.963674498406104;0.25449596511479;1.25543979020331;0.442766455912875;0.994391337035368;1.43715779294824;0.551624881122493;0.554736209556171;"Binary_51";"51";12.58;3.75;"Labyrinths";-1.92582206429374;-3.65059984207152;-0.916279804865567;0.838720195134433;-5.57834587521018;1.27276523590076;19.1498885565859;-7.18555588785833;-1.55574669901532;-3.42941336568195;-2.12853344853712;-4.15220011520379;0.566342305077356;0.722786749521823;-1.97910646565754;-2.4337731323243;-2.30395066621566;-4.07817288843788;-1.71176265038383;-3.9555404281616;-2.41739511066011;-4.24483955510455;631.195555555558;-143.576666666668;244.400000000002;-35.5166666666666;0;0;15.9515688832603;5.11490221659402;572.957777777781;-79.49;-1;-1;35.943333333333;8.07999999999944;-1;-1;28.6655998420715;13.5086131381989;57.7272347640991;261.489889221192;40.0750800323486;16.6742001152038;23.4008799171449;27.2627731323242;26.0335062217712;32.2205404281616;26.0335062217712;657.930000000003;185.58;0;121.041764450073;462.610000000001;1;70.1600000000012;1;" Tropical extreme desert";"Tropical & Subtropical Grasslands, Savannas & Shrublands"
"15";0.61751694182469;3.31830356415976;1.68150245238871;-0.643736212404379;0.0834041194996081;0.510765431844781;5.65375587224711;0.743445256296556;1.55168691187592;43.5789940583552;-0.598653576277304;1.49011611938477e-08;1.54771912552769;0.12201128716297;1.40533290906008;2358.96705357507;0.00039033940696883;3.77043576182911e-06;756;0.315394242803504;0.0140810136539074;NA;6.08322657762737;31.2590490458284;0.6862862699336;0.949884417201172;0.296984274550848;1.35980549107045;0.730785506170839;0.959689364521502;1.69047487069234;0.228903858350662;0.238518698667452;"Binary_52";"52";12.7;2.63;"Labyrinths";-1.88440401340057;-3.74478179117835;-0.115015981419884;1.46505068524679;-3.8616948564317;2.58274958801274;17.0186581176753;-8.71987521565836;-1.37630969899492;-3.47630969899492;-2.60230489306973;-4.68008267084751;1.23426186074149;1.20377297185259;-1.97942410456337;-2.6037574378967;-2.24660992219708;-4.15756547775263;-1.73758833906382;-4.09443278350827;-2.34327658886374;-4.31663214441931;655.794000000001;-98.4239999999995;233.197111111112;-42.1826666666667;0;0;8.42242640855571;-3.74335136922221;571.493333333334;-65.2406666666664;0;0;71.7471111111116;22.016666666667;0.333333333333333;0.666666666666667;28.7303151245117;13.1682826480865;56.4172504119873;271.514741882325;40.1543763656616;16.8134160041808;23.3409603614807;27.4275574378967;25.8921654777526;32.3820327835083;25.8921654777526;607.108;192.134;0;130.048018035889;446.594;0;50.8139999999999;0;" Tropical extreme desert";"Tropical & Subtropical Grasslands, Savannas & Shrublands"
"14";0.700070632829938;3.56173106579465;1.62682072610369;-0.952115540947129;0.0983334600792197;0.630529054080236;5.89247415316781;0.810801996008976;1.59677323226532;40.9670736048695;-0.451915923900805;1.49011611938477e-08;1.59371044994397;0.108777549623717;1.37837241360013;2478.02035979884;0.000542458472308486;3.7746674517975e-06;735;0.361890694239291;0.018879337763623;NA;5.11159212725579;47.2095141751345;0.539469466375808;0.949716953456604;0.267320898223063;1.29209314035146;0.594006352289579;0.880219441097734;1.47422579338731;0.286213088808156;0.325161062622311;"Binary_53";"53";12.54;2.26;"Gaps";-1.90730091218736;-3.71194980107624;0.0969541359371622;1.58385635815938;-3.31806021219883;2.77073978780124;19.6643229239907;-5.11663707600974;-1.34733648864745;-3.38933648864744;-2.81636636308457;-4.78326858530679;1.45966987443713;1.39393209665936;-1.95026186738756;-2.57663075627649;-2.37470283576118;-4.28715172465006;-1.76560326538086;-4.03180326538085;-2.45779849480522;-4.39246960591632;624.484800000002;-112.087866666666;214.739822222224;-38.9597333333336;0;0;9.07906066962343;-1.57125044148795;550.108000000002;-71.7198666666668;-0.119599999999783;-0.119599999999783;46.6789333333336;21.291866666667;-0.119599999999783;-0.119599999999783;28.4773364677429;13.0361569751739;56.6957935455322;260.939223742676;39.7954164886474;16.8019619186401;22.9934545700073;27.0685374229431;25.8925250579834;32.0752032653808;25.889176272583;654.999999999999;195.6596;0;127.178717108154;476.259599999999;0.119599999999783;59.2807999999996;0.119599999999783;" Tropical extreme desert";"Tropical & Subtropical Grasslands, Savannas & Shrublands"
"13";0.445789734229689;3.20868936208689;1.97377044139421;0.150942757010311;0.108189850911903;0.464847716204404;5.03089362662271;0.751901023581991;1.40260181463638;24.7947985056199;-1.93573525693336;0.000560154104906417;1.40260181463638;0.247042814486764;1.39649560215926;1996.91367287032;9.92842742371565e-05;7.54933490359499e-06;1106;0.196972395369546;0.00274015874178298;NA;11.1099874065438;21.3519097300861;0.966287810541627;0.944597288600551;0.396539196489141;1.40803578417097;0.669041466639924;0.991381560877017;1.66042302751694;0.322340094237093;0.325142313472058;"Binary_54";"54";13.12;2.17;"Labyrinths";-1.91058021821764;-3.97748244043986;0.261430605239875;1.7701239385732;-3.90582283901641;2.66968827209478;19.1918585158965;-6.92177259521486;-0.964281789652503;-3.4022817896525;-2.92805340530395;-5.16578673863731;1.96377161565145;1.76350494898481;-2.39576439573499;-2.8116755068461;-2.03948580720691;-4.28770802942913;-1.58244112053764;-4.21357889831543;-2.14823668438382;-4.29468557327271;650.558000000003;-100.0672;227.073200000001;-35.5265333333331;0;0;6.17603740437826;-3.79502926228841;562.254755555557;-72.2662666666666;0;0;54.479244444445;-8.33386666666659;0;0;28.8788157737732;13.2638893947601;55.8703117279053;289.151372595214;40.2216151229858;16.481133405304;23.7404817176819;28.0842088401794;25.5750413627625;32.5188988983154;25.4080055732727;555.721600000001;172.66;0;134.461695928955;421.320400000001;0;119.1408;0;" Tropical extreme desert";"Tropical & Subtropical Grasslands, Savannas & Shrublands"
"12";0.500923942001383;3.03514939372451;1.8015616487269;-0.00640666716208597;0.0627292204295585;0.135855978683686;3.55554058861638;0.590805840902043;NA;16.1348080157233;-2.2820524158494;NA;NA;0.107401453195092;1.48714745039675;1763.07371238889;0.000143080246215762;1.25963463037911e-05;839;0.151252929511448;0.00474080427847446;NA;14.2473970590173;18.2944295177741;0.921265039455237;0.92437311176021;0.462368931222833;1.59850693468458;0.797335319645165;0.999997432723966;1.79733275236913;0.202662113078801;0.202662633369723;"Binary_55";"55";11.07;27.93;"Gaps";-2.28148313542684;-4.08420313542684;-0.140466635869345;2.06389336413065;-2.45796490139431;3.84434620971675;3.222087010498;3.44504701049797;-2.11644967464871;-3.58584523020426;-2.62933575042725;-5.20168241709391;0.512886075778539;1.61583718688965;-1.92981718512642;-3.04311940734864;-2.53871489785089;-4.251106008962;-2.49665101418389;-4.400482125295;-2.89483045340644;-4.745106008962;305.036355555556;-53.8955999999999;86.5819111111111;-4.54666666666671;0;0;0.966958837890587;2.43562550455728;244.818933333333;-26.6882666666667;0;0;83.0536444444445;55.5524000000001;0;0;28.5448698020935;14.119693302536;59.3632537902832;222.004432989502;40.2093385635376;16.4240957504272;23.7852428131104;27.7540394073486;26.2068526756287;31.6780687919617;26.2068526756287;523.2972;136.64;0;121.258641162109;369.1324;0;39.82;0;" Tropical extreme desert";"Tropical & Subtropical Grasslands, Savannas & Shrublands"
"11";0.414666681782282;2.93636617698878;1.95745308055692;0.265652931431139;0.0693719360110121;0.154916609575503;3.46892166164461;0.3383225811927;1.3612380235112;3.07292083561387;-5.04202286755235;0.00133745680084444;1.3612380235112;0.159135891548348;1.48135758432104;1796.36425631633;6.03590512055724e-05;1.1336711673412e-05;1450;0.154140533645158;0.000311626756041889;NA;13.8135753908186;13.8039580239356;0.999307914038748;0.922746455100752;0.453389754327462;1.6004006948098;0.75451739837578;0.978885856889443;1.73340325526522;0.224368458513662;0.22920798879108;"Binary_56";"56";11.28;27.96;"Gaps";-2.30282063164604;-4.13398507609049;-0.139760627365135;2.1055327059682;-2.16685394795733;4.09314605204273;3.39336042548246;7.33622264770455;-2.1298032718235;-3.56962104960127;-2.56582610579594;-5.16667499468483;0.440009387342602;1.59705383178705;-1.98648630015053;-3.03385963348388;-2.52734209798171;-4.42000876464838;-2.45735038794625;-4.38963927683513;-2.86139268507215;-4.83518379618326;314.4672;-46.4589333333338;93.3579111111113;-0.586666666666645;0;0;1.10369784105109;2.29338672993988;253.374177777778;-22.5102666666664;0;0;107.625333333333;54.0925333333334;0;0;28.4912384094238;14.2397606273651;59.0935206146241;227.787017352295;40.1629143829346;16.0660483280182;24.0968661682129;27.8198196334839;26.0200087646484;31.6028926101685;25.9465171295166;493.306000000002;130.32;0;123.020746603393;353.043600000001;0;35.7412000000005;0;" Tropical extreme desert";"Tropical & Subtropical Grasslands, Savannas & Shrublands"
"10";0.410056254901566;2.86309678882633;1.94336475394867;0.392724956621327;0.0720841545281715;0.285908395206928;4.66283541664832;0.602905302890977;1.44033105095943;12.1353265857348;-3.27618122257435;0.00153545135356176;1.44033105095943;0.161273908395161;1.45532862982061;2058.61737333892;4.04036116761815e-05;7.54087152365823e-06;3306;0.223242622729421;0.000513337451547575;NA;9.68788411071335;13.386303766414;0.997309278584502;0.938206214353041;0.3819474647008;1.47730233253837;0.775617685325608;0.976519116030381;1.75213680135599;0.200901430704773;0.20573220473292;"Binary_57";"57";11.27;27.55;"Spots";-2.28779993116589;-4.13684437561034;-0.293918845325038;1.94443671023053;-2.33956629096132;3.51954482014994;7.60039869927266;10.1663098103832;-2.20195301055908;-3.54881967722577;-2.53670536872015;-5.06939425760904;0.334751976691347;1.52057419891355;-1.87776681603324;-2.92287792714436;-2.82768058327569;-4.68185836105345;-2.42119622166951;-4.36472955500283;-2.95769660017225;-4.88120771128334;296.517777777777;-53.2000000000002;89.6095555555549;-4.00600000000007;0;0;1.32445381673166;2.64378715006484;241.860222222221;-27.6926666666669;0;0;101.635555555556;49.6733333333334;0;0;28.5708443756103;14.4884299564361;58.8297885131836;234.382423522949;40.4239530105591;15.7963275909424;24.6276258010864;27.889544593811;26.2740583610535;31.7658628883362;25.9531410446167;474.440000000001;127.026;0;124.662879516602;343.086000000001;0;32.0200000000002;0;" Tropical extreme desert";"Tropical & Subtropical Grasslands, Savannas & Shrublands"
"9";0.355015424226049;2.90864320181663;2.1032807607086;0.499950066117019;0.0721331247419997;0.169122123356073;3.91384017781758;0.501709032290307;0.717629414265481;5.65791201363088;-4.04490086128119;0.0166104101680433;0.717629414265481;0.220527104615106;1.40018594035986;1647.21927674552;3.58710138654187e-05;1.38559809341702e-05;1285;0.109688433632096;0.000222670569089749;NA;16.6435845302878;11.8922105454092;0.999496599960371;0.941169085074014;0.494269306588916;1.41164741039751;0.693217096375558;0.938475890754293;1.63169298712985;0.245258794378734;0.261337341528944;"Binary_58";"58";11.47;27.97;"Spots";-2.25846251317342;-4.15436917984009;-0.111668029352828;2.07775863731384;-1.94330419328477;3.55540691782635;5.35321913194423;12.0271080208331;-2.04417756896974;-3.42951090230307;-2.5228606672075;-5.11174955609638;0.483523144395594;1.68223869995115;-2.0217639336819;-3.02238615590414;-2.67375516459147;-4.63880849792481;-2.28213262295193;-4.24606151184082;-2.77699417563544;-4.78893639785766;319.710044444445;-40.2287999999998;96.9412888888891;0.538266666666658;0;0;0.981873885091161;2.44614055175774;260.114266666667;-19.4617333333333;0;0;110.592977777777;51.6978666666668;0;0;28.3706491798401;14.3165213626862;58.8512597488403;233.8899453125;40.0270175689697;15.7004162227631;24.3266013000488;27.8401728225708;25.9810884979248;31.4346215118408;25.6052163978577;464.831600000001;125.78;0;124.999059448242;337.3916;0;31.4400000000001;0;" Tropical extreme desert";"Tropical & Subtropical Grasslands, Savannas & Shrublands"
"8";0.286104592501899;2.82955801226594;2.29151834701512;0.821629373306848;0.0701793970999478;0.221540112418511;3.97500275775724;0.483383051075272;0.669188681648446;2.80629440109821;-5.33466842096007;0.027172937258532;0.669188681648446;0.322109452313866;1.34054742414034;1764.32647295628;2.41066088100414e-05;1.13240023553925e-05;1915;0.141600118308193;7.01954396195053e-05;NA;14.7835287152056;9.14224456825354;0.999934701324028;0.952317019662593;0.461803390809414;1.32295294889058;0.620755928210687;0.86323834967825;1.48399427788894;0.242482421467563;0.280898574024129;"Binary_59";"59";11.51;27.87;"Spots";-2.2646143512302;-4.14235212900797;-0.146520196151744;2.0828131371816;-1.87439722493499;3.8857361083986;3.62096214626777;10.0437577018226;-2.06420287139891;-3.37824287139892;-2.46627758542377;-5.0276109187571;0.402074982198076;1.64936831553141;-2.03154111268785;-3.00439000157675;-2.64856916597154;-4.62203138819375;-2.29356470470852;-4.29316026026407;-2.75910838048299;-4.79230838048296;317.100177777778;-41.6764000000002;98.1169777777773;0.999999999999986;0;0;1.06115282796216;2.14195282796247;259.610577777777;-19.9262666666668;0;0;109.568666666665;50.0153333333335;0;0;28.3897254623413;14.4085201961517;58.7546638916016;238.511388964843;40.0803228713989;15.5570642520905;24.5232583511352;27.9010966682434;25.9395247215271;31.4684935935974;25.5271350471497;455.778800000002;123.5412;0;125.752180505371;332.321200000001;0;30.0988000000002;0;" Tropical extreme desert";"Tropical & Subtropical Grasslands, Savannas & Shrublands"
"7";0.370831154859338;2.89804003972114;2.05604308829567;0.437590342178602;0.0730574544230688;0.130117120062139;3.60372311981247;0.467459009459813;NA;2.72931521566735;-5.66246234812066;NA;NA;0.191013798569749;1.43263053333214;1830.02564840159;4.2879111970625e-05;1.13240023553925e-05;1932;0.170897832817337;0.000176481574555428;NA;14.0814379197831;12.2167112077426;0.999714452518763;0.934134090382517;0.444901757638352;1.48823191009848;0.717323410321404;0.951619253114015;1.66894266343542;0.234295842792611;0.246207547846386;"Binary_60";"60";11.22;27.73;"Spots";-2.27439514119467;-4.11874180786133;-0.168722010379378;2.08898021184284;-2.05001358456085;4.21963085988359;4.86832136176193;6.56861025065089;-2.1101715640598;-3.56194934183758;-2.47770595991348;-5.07059040435792;0.367534395853671;1.50864106252033;-1.88097302551271;-2.97778635884603;-2.80767308676826;-4.63038864232382;-2.43602345626831;-4.37101012293498;-2.90933216812134;-4.80243883478801;297.335777777779;-53.3585333333327;88.1772888888893;-2.56813333333298;0;0;0.980379837714395;2.22206872660323;239.984977777779;-28.3999999999994;0;0;105.807644444445;51.5785333333337;0;0;28.5522218078613;14.2698331214905;58.7789024734497;231.628576416015;40.3212826751709;16.0441504043579;24.277132270813;27.8449730255127;26.3115753089905;31.7443434562683;26.0168121681213;489.575600000001;129.22;0;123.674197940063;351.66;0;34.4556000000003;0;" Tropical extreme desert";"Tropical & Subtropical Grasslands, Savannas & Shrublands"
"6";0.242180116229966;2.74988323455842;2.42963199834034;1.03924952505409;0.0614528594091644;0.194670616019171;4.61633668565218;0.428732086417764;0.508729951058757;1.67898986174372;-6.81042527278784;0.043095832923523;0.508729951058757;0.409015138395395;1.30788144017781;1775.73389412857;1.92160688907376e-05;1.13113072854873e-05;1856;0.132951289398281;3.36492260946104e-05;NA;14.0252670450654;7.05398258561403;0.99998107737841;0.958495097457998;0.457669612261662;1.2762731015299;0.571579238340315;0.798672395380894;1.37025163372121;0.227093157040579;0.28433830736353;"Binary_61";"61";11.62;27.86;"Spots";-2.20202204011706;-4.10240426233928;-0.223633774651399;1.99925511423747;-1.98360040418835;3.42235515136715;3.13551837049653;10.9390561482743;-2.0548980123223;-3.30919579010009;-2.28869687190588;-4.86647464968366;0.281194465874602;1.55727891031903;-2.03440978296916;-2.99872978296915;-2.49443023227268;-4.52050134338379;-2.16352314409046;-4.17545203297935;-2.63433244420371;-4.68818577753703;323.156844444445;-37.1446666666672;99.7200000000003;1.24653333333316;0;0;0.844151464843762;2.15601813151083;265.5972;-17.2533333333334;0;0;107.108844444445;49.0221333333333;0;0;28.3046175956726;14.5374115524292;58.5776448486329;243.799677185058;40.0791957901001;15.261807983017;24.8173877563476;27.9378231163025;25.7140613433838;31.366118699646;25.2835191108704;438.086800000002;121.76;0;127.050648535156;322.673200000001;0;27.7068000000004;0;" Tropical extreme desert";"Tropical & Subtropical Grasslands, Savannas & Shrublands"
"5";0.358619970238694;2.96403601305105;2.11204388741854;0.517012257127439;0.0837418659825519;0.316355224206034;4.48411942530199;0.451288471632683;1.06176214031322;3.80218551859089;-5.40548968527713;0.00670010080541617;1.06176214031322;0.243258266958656;1.40975498691222;1920.2493637332;3.97280581816735e-05;8.80755738752749e-06;1947;0.175896648297046;0.000181417698012201;NA;12.1027317298309;13.2981534326826;0.99968834045866;0.942402722400648;0.41830000287881;1.4169852451959;0.678296280498469;0.941862255078827;1.6201585355773;0.263565974580358;0.279834947370621;"Binary_62";"62";11.32;27.88;"Spots";-2.38587502744886;-4.21089280522663;-0.191784631864707;2.0611175903575;-2.33519191165506;3.92609697723392;3.7431270203995;8.00119813151093;-2.13251972690153;-3.58819083801264;-2.61697765990367;-5.18053321545922;0.484458230167057;1.59234267461149;-2.09510630415175;-3.12889741526284;-2.85060568601819;-4.74094346379599;-2.48924595987954;-4.44848595987954;-2.93794330401949;-4.89038774846394;307.572844444446;-48.0059999999988;92.9170666666667;-0.144933333333412;0;0;0.880208424885922;1.88474175821952;248.502311111112;-24.7470666666663;0;0;105.132266666667;51.7400000000003;0;0;28.5775594718933;14.3087090763091;59.1111030227661;231.193548535156;40.2416308380126;16.0351998821259;24.2064306587218;27.9667907485962;26.2950501304626;31.6878192932129;25.9450544151306;483.2116;127.44;0;124.050324908447;348.1916;0;33.82;0;" Tropical extreme desert";"Tropical & Subtropical Grasslands, Savannas & Shrublands"
"4";0.304874408129178;2.65610616690217;2.16471656709718;0.665730949645198;0.0562713759584453;0.146365532087738;3.48549037554429;0.49589817614532;0.720363932813758;1.90289511752095;-6.36983555739935;0.0318072045777544;0.720363932813758;0.245067411933075;1.40309208057982;1908.98457558871;2.10167440080137e-05;8.80755738752749e-06;2945;0.165505226480836;5.37002325557507e-05;NA;10.5516069141815;7.310650098393;0.999951817569574;0.949114932978599;0.420221131641366;1.364086177497;0.699086627561515;0.886769035674622;1.58585566323614;0.187682408113107;0.211647453353313;"Binary_63";"63";11.37;27.68;"Spots";-2.36667086546156;-4.20044864323934;-0.245271340789781;1.98930199254355;-2.14617848798962;3.93497706756598;4.05752938110351;7.78830271443681;-2.22220884891085;-3.63587996002197;-2.46700898646885;-5.0074534309133;0.244800390472435;1.37157372380575;-2.05840016440498;-3.08852905329386;-2.83042613535563;-4.72766613535564;-2.45631190161811;-4.41434745717367;-2.95059535218982;-4.88511090774537;300.283155555556;-51.5320000000002;92.9733333333336;-0.861066666666602;0;0;1.44165355224612;3.25592021891298;245.508666666667;-26.8077333333335;0;0;101.066888888889;49.9834666666668;0;0;28.613115309906;14.4440313407898;58.5678229324341;237.362790618896;40.435319960022;15.77328009758;24.6620396095276;28.0301423866272;26.264719468689;31.7832941238403;25.8911109077454;468.048400000001;124.62;0;124.867946447754;339.368400000001;0;31.2400000000004;0;" Tropical extreme desert";"Tropical & Subtropical Grasslands, Savannas & Shrublands"
"3";0.285364173822116;2.76098196904701;2.26957551386305;0.840832305232701;0.0728067547168188;0.391790630814239;4.55246679750955;0.591842127450156;1.16413982885372;5.637513909001;-4.67360671843028;0.0098935216004998;1.16413982885372;0.384611858094687;1.40773400070512;2162.70735117869;2.377533687307e-05;6.2911124196625e-06;3629;0.242596430242663;0.000158230887400181;NA;7.7315988334218;8.46242696018481;0.999692388036077;0.951588680728168;0.350832651448394;1.35381835895193;0.640462789741152;0.863031883561203;1.50349467330236;0.222569093820051;0.257892087255971;"Binary_64";"64";11.6;27.73;"Spots";-2.26572090182834;-4.13403201293946;-0.319109090169276;1.91495757649739;-2.25093551127103;3.38573115539552;3.13888685370517;10.6031757425938;-2.12498535919192;-3.44431869252526;-2.30125816985236;-4.96394705874121;0.186271950446208;1.51962750600173;-1.99790218980577;-2.965124412028;-2.56815988820394;-4.64409322153725;-2.22466875059341;-4.25624652837119;-2.71653104392157;-4.74868659947714;318.457111111111;-42.1713333333324;99.2017777777777;-0.535999999999532;0;0;0.994027652316632;1.94180543009413;262.335333333333;-21.5293333333328;0;0;106.535777777778;48.0080000000001;0;0;28.4040320129395;14.6477757568359;58.6142688446045;244.838290924072;40.2469853591919;15.2568803920746;24.9901058273315;27.9976577453613;25.8252265548706;31.4955131950379;25.3919532661438;435.520000000001;121;0;127.398861236572;321.318000000001;0;27.1000000000001;0;" Tropical extreme desert";"Tropical & Subtropical Grasslands, Savannas & Shrublands"
"2";0.370163790290988;2.92240000544466;2.06621489319607;0.589529327158617;0.083660168285303;0.43347372925363;5.21389430462507;0.688176838135956;1.08515643462621;25.5341742669133;-2.57319948922093;0.00859198614322895;1.08515643462621;0.222458639319886;1.40115925972252;1958.61688409597;3.18694025567409e-05;8.80755738752749e-06;2733;0.187422850089151;0.000778743992039028;NA;10.4174009251909;13.4365579059152;0.992952880304585;0.949344048536499;0.406733839230293;1.3667381322947;0.706864921126297;0.950387525411933;1.65725244653823;0.243522604285636;0.256235059672195;"Binary_65";"65";11.46;27.68;"Spots";-2.3247374613444;-4.19340412801107;-0.229181986872353;2.02548467979431;-1.87891325056288;4.02677563832602;4.80404235066732;9.43172235066737;-2.24119175025092;-3.57265397247315;-2.44831024857415;-5.0304746930186;0.248006964925125;1.45782029825846;-2.04433825790405;-3.03484492457071;-2.77652346089681;-4.74700346089681;-2.39980657046848;-4.41459768157959;-2.88809794874403;-4.86279572652181;305.0984;-47.7057333333332;93.9702222222224;-1.38759999999991;0;0;0.871095889960444;2.83585144551607;249.462888888889;-25.0162666666666;0;0;109.883111111111;48.6685333333334;0;0;28.5600707946777;14.4925153202057;58.4493576950073;240.320250982666;40.4114139724731;15.6163680263519;24.7950463684082;28.047418257904;26.1191901275635;31.7178376815796;25.7294623931885;453.1372;123.0828;0;126.105081887817;331.4628;0;29.3772000000001;0;" Tropical extreme desert";"Tropical & Subtropical Grasslands, Savannas & Shrublands"
"1";0.22437367817091;2.69692240324265;2.48655368315282;1.16256133813544;0.0626574365982881;0.316090794674714;4.15275134128742;0.480151588637341;0.965633269135279;2.44647495742722;-6.39588838930501;0.0222622516156523;0.965633269135279;0.475186672659055;1.34691147348777;2079.65613715952;1.81255267426575e-05;6.2911124196625e-06;3171;0.219948671707013;4.71516961068598e-05;NA;9.32924272343204;6.24455818775699;0.999968449004032;0.957972956517271;0.373423558901991;1.29278311283832;0.552651381452503;0.767564739852461;1.32021612130496;0.214913358399958;0.279993787157638;"Binary_66";"66";11.71;27.91;"Spots";-2.1663145930481;-4.05094125971477;-0.328684175008148;1.86382249165852;-1.87525532819958;3.44070022735596;2.03935877183662;11.8952076607255;-2.14919512132435;-3.3627906768799;-2.20775110668606;-4.78197332890829;0.0855420226033274;1.41918202260334;-1.94606413989597;-2.88772191767374;-2.43694686399672;-4.50868464177451;-2.0795922949558;-4.1387834060669;-2.56372603040908;-4.65013047485352;327.987911111111;-34.5314666666659;101.957022222222;2.29280000000004;0;0;1.33949102918834;2.56646880696593;272.370933333334;-14.7090666666663;0;0;103.383822222223;47.4654666666671;0;0;28.1943945930481;14.6773908416748;58.559299772644;246.947645672607;40.0807906768799;15.016639995575;25.06415131073;27.8311752510071;25.5433513084412;31.2387834060669;25.0961304748535;428.980000000001;120.6436;0;127.574864526367;316.72;0;27;0;" Tropical extreme desert";"Tropical & Subtropical Grasslands, Savannas & Shrublands"
